ImageId,EncodedPixels,CategoryId,Height,Width
8183509647573-0.jpg,['1469 2057 1335 2052 1256 1390 1241 1888 1237 1978 1082 2004 815 2013 439 1997 358 1973 344 1450 261 2061 168 2059 63 2047 100 1026 135 690 158 526 197 416 252 350 557 202 635 71 956 76 1041 204 1218 283 1339 350 1404 409 1444 535 1473 711 1513 1104 1535 1473 1539 1685 1532 1938 1521 2046'],['5'],2133.0,1600.0
8183509876949-0.jpg,['464 1736 392 1731 355 1687 371 1019 347 762 176 1702 72 1703 31 1682 82 1307 112 925 161 419 194 327 274 239 487 130 566 48 724 87 857 46 939 135 1119 209 1184 235 1253 366 1370 976 1425 1437 1433 1684 1288 1699 1266 1495 1219 1270 1166 985 1091 733 1082 1024 1134 1691 1002 1730'],['1'],1760.0,1460.0
8183509942485-0.jpg,['1304 1736 1270 1721 1220 1333 1110 893 1123 1673 1074 1697 847 1704 352 1684 362 1071 334 865 178 1714 19 1714 86 1283 138 633 198 383 274 309 438 217 623 46 807 53 964 194 1192 303 1245 401 1369 1032 1425 1625 1423 1723'],['3'],1760.0,1460.0
8183509975253-1.jpg,['0 1459 1459 1459 1459 419 1234 329 1213 289 1121 201 983 83 770 76 546 76 477 86 441 96 418 152 365 207 242 319 216 352 0 471'],['5'],1460.0,1460.0
8183510008021-1.jpg,['1459 1459 1459 438 1308 366 1293 338 1168 217 1055 86 931 73 626 75 402 97 329 181 186 337 98 393 0 443 0 1459'],['5'],1460.0,1460.0
8183510040789-0.jpg,['817 1719 173 1716 125 1713 139 1072 174 1045 223 280 380 237 414 119 463 68 592 35 817 37 952 69 1031 107 1063 148 1096 243 1243 282 1351 1717'],['1'],1760.0,1460.0
8183510073557-0.jpg,"['851 1909 816 1845 801 1890 766 1897 686 1880 600 1816 385 1785 389 1593 311 1570 249 1480 138 1381 69 1258 69 1175 206 862 317 669 547 554 642 468 793 646 848 606 884 504 945 575 1139 689 1198 818 1261 1175 1182 1471 1114 1561 1098 1521 1096 1573 1033 1666 970 1848', '385 1945 383 1788 476 1807 595 1817 652 1840 687 1880 745 1895 800 1897 816 1850 838 1906 848 1910 967 1851 982 1833 993 1787 998 1860 979 1945', '846 1657 796 1439 753 744 722 639 676 629 635 581 625 509 648 465 793 649 850 608 877 514 900 572 875 743 874 899 891 964 832 1393 856 1478']","['5', '7', '7']",1946.0,1460.0
8183510106325-2.jpg,['2047 1672 1775 1760 1834 1990 1816 2047 284 2042 283 1755 157 1749 0 1660 3 1006 30 869 119 735 586 429 627 331 643 493 720 619 707 747 813 1007 940 669 935 582 1100 443 1211 234 1211 145 1260 167 1380 348 1732 510 2047 715'],['1'],2048.0,2048.0
8183510139093-0.jpg,['1377 1921 70 1925 87 1617 74 1454 92 1334 83 1199 109 1177 157 308 320 243 335 169 396 95 531 43 759 21 953 43 1079 114 1133 195 1133 243 1285 297 1322 849'],['1'],1946.0,1460.0
8183510270165-2.jpg,"['759 1195 694 1173 691 1150 558 1152 549 1115 551 1067 565 1038 589 717 648 568 632 532 644 513 663 522 755 454 770 484 840 547 875 651 852 994 855 1149 833 1161 783 1155', '815 1860 772 1850 739 1810 738 1758 751 1711 744 1549 701 1457 663 1331 625 1412 648 1530 649 1777 636 1796 610 1802 569 1792 545 1773 556 1742 554 1656 532 1499 502 1385 557 1152 687 1153 685 1181 654 1213 642 1255 649 1303 675 1312 730 1298 750 1201 769 1191 785 1156 825 1167 819 1402 849 1523 856 1601 836 1835 832 1851']","['1', '7']",2190.0,1460.0
8183510270165-3.jpg,['0 2189 0 459 269 331 338 163 415 352 680 606 900 438 951 352 997 147 1061 266 1459 429 1455 1510 1431 1673 1450 1810 1443 1953 1409 2189'],['1'],2190.0,1460.0
8183510302933-0.jpg,['329 1047 313 1041 133 1810 98 1917 6 1896 0 1565 37 1358 169 460 234 359 400 269 471 228 520 171 555 78 857 69 911 173 947 216 1198 328 1252 389 1291 488 1405 1146 1446 1634 1459 1895 1285 1908 1266 1658 1213 1378 1175 1147 1107 969 1105 1126 1133 1402 1132 1599 1131 1702 1081 1734 989 1748 479 1741 355 1734 302 1706 302 1615 292 1532 318 1123'],['5'],1946.0,1460.0
8183510335701-3.jpg,"['611 2047 595 1965 605 1884 663 1942 754 1985 824 1996 937 1987 1187 1928 1453 1753 1496 1719 1505 1910 1531 2047', '868 1995 705 1964 630 1914 599 1852 596 1578 538 979 521 914 432 910 366 890 382 594 405 524 478 400 642 270 797 195 837 114 1108 109 1152 132 1203 237 1468 380 1546 449 1589 549 1623 899 1377 953 1487 1723 1180 1930']","['7', '1']",2048.0,2048.0
8183510368469-0.jpg,['786 1695 703 1681 658 1060 581 624 513 1066 464 1660 297 1670 253 1653 259 667 283 331 319 161 873 172 920 666 922 1673'],['7'],1800.0,1200.0
8183510663381-0.jpg,['160 1691 33 1682 15 1658 150 430 211 263 518 61 707 79 889 57 1185 193 1251 299 1314 541 1415 1258 1434 1669 1324 1684 1278 1661 1102 672 1082 950 1132 1564 1055 1588 703 1590 420 1590 352 1564 367 906 334 697 289 1053'],['3'],1760.0,1460.0
8183510696149-1.jpg,['439 706 396 706 367 197 361 206 333 708 228 707 217 170 223 77 237 20 493 22 506 85 514 184 501 694 502 706'],['7'],730.0,730.0
8183511056597-1.jpg,"['414 2047 411 1981 348 1787 336 1653 338 1597 383 1580 519 1569 811 1567 817 1571 817 1589 805 1645 724 1843 677 2047', '150 1689 157 1284 199 1011 208 811 237 717 436 555 482 656 518 582 628 552 671 513 891 605 973 714 1069 1082 1072 1291 1020 1624 870 1573 904 1460 892 1313 908 1243 880 1178 886 1108 858 1053 837 1156 842 1570 752 1562 725 1526 704 1564 338 1592 320 1580 324 1441 261 1674 219 1661']","['7', '1']",2048.0,1434.0
8183511646421-2.jpg,"['264 2047 287 1781 333 1620 346 1605 449 1656 630 1688 765 1692 869 1674 870 1690 844 1743 847 1763 811 1833 788 1938 819 1978 867 1990 867 2047', '989 1805 852 1756 875 1668 784 1683 761 1651 739 1688 536 1673 413 1641 337 1584 420 1245 373 1254 321 1212 277 1126 269 1043 324 924 384 955 452 946 492 822 486 725 446 679 369 721 371 695 422 624 582 531 564 610 512 674 530 760 612 613 744 570 829 509 1002 640 1048 728 1087 851 1107 1090 1112 1334 1082 1501']","['7', '1']",2048.0,1434.0
8183512203477-2.jpg,"['843 2044 784 1960 768 2047 502 2047 446 1790 443 1688 546 1703 746 1705 879 1689 1082 1638 1093 1648 1119 1773 1148 1947 1147 2047', '204 1797 189 1780 189 1186 228 815 263 723 313 669 520 532 545 572 665 631 738 789 775 763 805 700 877 827 962 895 1011 857 1020 803 950 643 891 620 849 632 803 696 792 651 816 517 855 509 1040 566 1129 692 1240 1066 1225 1136 1159 1236 1122 1244 1032 1199 1097 1620 1081 1633 1059 1604 1046 1649 762 1703 436 1682 419 1336 460 1178 427 1095 402 1213 401 1370 323 1699 325 1773']","['7', '1']",2048.0,1434.0
8183512498389-1.jpg,"['202 1344 144 1317 114 888 123 541 161 359 227 242 460 117 520 35 691 35 752 117 994 244 1038 307 1076 403 1094 572 1099 916 1092 1028 1034 1289 1004 1315 963 1314 935 1150 953 886 927 767 883 980 535 1000 320 986 285 761 252 882 241 1123 255 1182 225 1271 232 1324', '633 1599 608 1476 601 1473 585 1599 251 1599 241 1258 260 1184 299 1099 321 990 595 1000 604 1026 606 1008 617 1012 626 1000 877 984 886 990 928 1146 949 1320 940 1599']","['1', '7']",1600.0,1200.0
8183512531157-0.jpg,"['776 2237 716 2040 649 2237 293 2237 262 1990 253 1680 263 1620 339 1456 345 1377 579 1460 699 1473 911 1432 1028 1374 1070 1335 1105 1517 1169 1673 1161 1775 1173 1917 1149 2237', '1320 1807 1189 1796 1140 1264 1087 976 1066 1340 1029 1375 916 1430 701 1470 579 1457 344 1380 379 1330 375 1233 256 1632 244 1804 96 1805 107 1376 171 1010 194 572 239 362 326 307 536 206 590 139 646 301 739 388 843 295 895 139 962 227 1148 317 1241 380 1284 550 1304 1010 1351 1335 1341 1789']","['7', '1']",2238.0,1460.0
8183512563925-1.jpg,"['374 2043 373 1763 386 1692 595 1723 777 1725 894 1713 987 1688 987 1926 977 2043', '785 1723 484 1709 398 1693 378 1671 374 1097 252 1077 257 906 275 779 308 697 519 518 765 517 989 662 1038 710 1059 765 1059 1075 979 1085 871 1081 940 1417 997 1565 993 1671 937 1702']","['7', '1']",2044.0,1460.0
8183512596693-1.jpg,"['681 1599 637 1471 599 1599 369 1599 344 1373 348 1266 507 1301 701 1314 810 1289 891 1254 904 1239 922 1246 937 1283 969 1441 962 1485 938 1509 948 1553 963 1564 965 1599', '1003 1333 951 1316 917 1235 783 1297 707 1311 452 1291 300 1239 287 1178 235 1016 212 784 199 546 208 435 226 339 288 248 412 146 429 94 469 67 665 71 714 154 885 235 935 292 1037 1275 1033 1311']","['7', '1']",1600.0,1200.0
8183512629461-0.jpg,"['698 1599 645 1430 619 1507 603 1596 373 1599 349 1347 327 1279 330 1235 442 1265 629 1272 858 1233 928 1202 936 1212 937 1258 923 1305 914 1448 940 1469 928 1495 939 1528 932 1599', '267 1311 242 1303 230 1209 221 563 231 392 247 312 294 275 451 181 485 105 503 105 518 195 621 276 703 221 709 105 731 103 773 174 934 261 978 310 995 376 1037 860 1031 1278 951 1269 935 1198 857 1232 625 1271 444 1264 329 1235 323 1292']","['7', '1']",1600.0,1200.0
8183512694997-0.jpg,"['607 1599 589 1453 594 1405 573 1403 562 1467 510 1599 266 1599 268 1400 295 1229 347 1256 435 1267 580 1258 819 1262 885 1241 895 1347 881 1497 864 1545 872 1599', '647 524 640 521 616 474 601 424 521 219 521 207 566 226 594 226 627 287 643 274 683 221 718 229 660 455', '141 1321 117 1212 123 940 211 409 247 296 313 244 446 183 520 119 517 208 642 530 717 237 733 125 778 187 979 298 1008 385 1057 815 1042 1241 1021 1299 917 1286 889 992 894 1208 867 1249 427 1265 319 1244 286 1215 304 823 230 1189 250 1228 248 1303']","['7', '1', '3']",1600.0,1200.0
8183512727765-1.jpg,['749 1442 691 1426 675 1378 666 957 610 530 578 640 537 1229 499 1423 402 1416 374 1358 383 1019 401 716 376 463 365 294 376 212 406 137 479 102 604 93 653 113 683 98 720 120 807 112 844 138 858 209 858 226 854 245 855 343 821 826 837 1048 835 1221 816 1360 784 1433'],['7'],1600.0,1200.0
8183512793301-1.jpg,"['295 1598 282 1330 302 1211 332 1255 392 1295 503 1318 634 1326 713 1324 780 1307 819 1283 885 1218 902 1343 902 1423 877 1598', '783 1305 713 1323 635 1326 501 1319 394 1296 339 1259 297 1201 284 1278 202 1290 183 1263 149 1016 167 751 187 560 215 350 239 299 267 246 312 216 495 135 523 86 568 78 645 84 722 98 743 155 956 268 1003 367 1032 587 1047 771 1051 1041 1016 1276 977 1301 898 1271 926 1101 906 1060 895 794 883 699 856 862 885 1005 901 1196 812 1286']","['7', '1']",1599.0,1200.0
8183512858837-3.jpg,"['534 1272 505 1269 495 1260 488 1057 455 760 518 769 542 744 601 746 660 736 709 696 711 709 691 734 676 778 697 795 730 802 740 792 745 800 771 920 769 998 731 1089 693 1232 668 1241 640 1217 624 1184 646 1034 659 1000 648 992 632 947 593 786 566 1013 590 1261', '601 746 549 744 504 707 450 679 431 683 418 708 403 660 381 622 368 527 402 345 415 317 515 232 537 269 560 280 590 257 608 215 625 233 710 274 735 308 804 523 800 597 778 651 769 700 713 693 666 734']","['7', '1']",1400.0,1120.0
8183512924373-3.jpg,"['494 1945 488 1728 511 1716 577 1714 792 1786 982 1788 1099 1767 1105 1890 1094 1945', '871 1790 777 1782 591 1715 489 1716 498 1580 404 1737 362 1745 324 1713 353 1409 452 937 475 680 528 606 656 541 686 444 827 410 865 415 896 484 1016 562 1110 661 1152 756 1171 920 1156 1255 1098 1524 1112 1751 1070 1773']","['7', '1']",1946.0,1460.0
8183512957141-1.jpg,['934 965 81 965 71 921 94 838 138 777 272 666 384 602 425 510 445 497 454 527 594 661 592 718 638 777 677 886 688 825 665 604 679 581 714 578 741 611 740 645 838 698 878 744 915 841'],['1'],1024.0,1024.0
8183513022677-0.jpg,['0 934 105 974 1023 976 1023 269 521 108 312 48 259 106 189 124 130 163 64 246 0 360'],['1'],1024.0,1024.0
8183513153749-1.jpg,"['646 497 641 493 648 478 628 467 615 466 609 456 596 450 580 432 572 410 564 351 558 187 607 204 635 205 663 261 674 296 689 381 661 480 650 485', '447 528 442 524 448 429 401 391 394 370 431 230 490 206 493 217 486 293 493 369 465 383 452 405 454 417 489 433 489 443 473 492', '608 468 573 465 548 454 492 440 494 433 506 427 517 382 515 376 495 368 490 336 487 283 496 216 507 221 527 248 534 250 546 231 557 201 562 327 570 402 581 434 594 449 608 457 611 466', '539 843 513 841 507 834 483 682 486 662 466 600 454 530 489 455 518 459 525 465 560 461 613 468 623 478 632 500 625 538 625 624 601 765 594 778 596 793 576 824 554 824 550 746 561 675 542 549 542 627 541 689 549 742 554 822 548 839']","['5', '5', '1', '7']",1024.0,1024.0
8183513186517-1.jpg,"['355 1023 322 930 309 856 324 814 354 777 371 785 377 794 388 791 443 811 510 808 584 797 583 851 621 905 629 893 635 866 649 848 644 895 646 970 638 1023', '623 877 583 846 585 809 600 789 605 756 439 764 357 742 351 777 310 842 291 802 278 614 298 384 381 281 393 349 425 419 444 380 436 323 493 246 516 271 638 319 663 346 691 407 719 531 732 638 703 771 691 799 667 814 668 829']","['7', '1']",1024.0,1024.0
8183513219285-0.jpg,['999 1713 546 1694 432 1676 491 1065 456 600 444 603 434 713 236 686 276 384 328 243 373 186 749 64 1049 69 1430 213 1479 298 1519 458 1532 709 1336 719 1324 627 1296 742 1277 1145 1342 1694'],['1'],1772.0,1772.0
8183513284821-0.jpg,['3354 0 3346 184 3418 276 3542 860 3542 3276 3022 3284 2388 3064 2194 3416 2015 3435 1609 3285 1086 2944 1082 3176 1022 3168 988 3015 934 3109 870 2827 970 2538 959 1992 1389 2307 1475 2190 1613 2293 1695 2259 1702 2168 1587 1993 1748 2076 1826 2004 1422 1458 1463 1053 1166 860 1006 796 910 644 984 205 1054 0'],['7'],3543.0,3543.0
8183513317589-0.jpg,['738 1717 675 1705 640 1370 632 1070 596 736 593 449 640 62 1138 60 1144 231 1177 411 1181 647 1152 1062 1152 1341 1115 1705 1054 1711 991 1701 973 1488 966 1101 954 1064 881 556 828 1072 815 1431 793 1701'],['7'],1772.0,1772.0
8183513350357-1.jpg,"['161 385 158 384 158 379 166 353 171 317 178 295 187 278 206 259 233 250 270 229 290 219 297 218 296 230 302 246 279 269 245 324 222 356 209 367 190 378 176 379', '337 871 312 871 286 863 268 863 263 853 253 846 256 746 245 677 249 659 282 658 409 670 448 661 483 644 500 703 503 733 509 742 527 825 525 835 513 846 491 854 470 858 431 856 393 850 378 818 372 855 357 865', '409 669 247 654 238 502 227 474 259 427 295 331 351 292 351 272 391 251 402 213 491 257 510 291 529 359 524 372 500 385 470 388 464 402 464 551 482 641 446 661']","['1', '7', '1']",1024.0,683.0
8183513448661-1.jpg,"['796 682 295 681 295 666 424 641 646 549 746 529 769 513 790 476', '451 509 310 508 311 409 294 376 131 380 128 245 158 133 378 16 400 90 468 130 517 122 595 82 648 8 738 37 825 76 875 137 959 310 780 400 741 390 646 438 588 493']","['1', '1']",683.0,1024.0
8183513481429-0.jpg,['354 685 278 684 229 286 184 684 106 683 91 234 95 72 108 15 335 13 344 22 356 82 362 181 361 574 360 651'],['7'],700.0,467.0
8183513546965-0.jpg,"['954 2374 907 2183 886 2374 607 2374 595 2184 553 1903 560 1815 586 1833 665 1854 782 1860 814 1873 1014 1875 1221 1856 1289 1806 1294 1944 1256 2185 1246 2374', '1029 1873 661 1852 552 1804 512 928 228 849 375 451 425 346 735 199 763 128 804 179 913 235 1036 127 1073 193 1407 338 1546 843 1320 899 1310 1777 1232 1851']","['7', '1']",2375.0,1800.0
8183513612501-0.jpg,"['574 1162 461 1161 456 1151 443 1161 245 1159 249 1130 242 1097 255 1086 248 998 317 996 386 985 479 984 639 999 624 1090 634 1095 646 1090 667 1051 669 1067 660 1095 633 1127 629 1144 662 1142 662 1156 657 1161', '639 995 484 982 257 994 240 975 271 747 271 552 165 516 183 316 194 267 218 236 325 192 387 142 378 204 452 358 545 202 555 140 634 192 732 242 768 324 784 528 671 565 687 914 675 954']","['7', '1']",1200.0,900.0
8183513645269-0.jpg,"['253 492 239 491 232 487 225 445 222 448 219 479 215 486 206 489 188 490 174 488 168 483 163 457 162 396 165 392 171 395 175 393 172 383 180 376 171 350 173 343 239 343 279 348 287 352 279 385 283 389 282 397 291 401 289 478 268 489', '237 176 234 176 233 172 230 167 230 165 224 153 222 151 221 148 212 135 213 123 214 124 214 126 217 129 217 130 227 139 230 140 234 143 237 143 240 141 242 141 251 134 255 132 263 124 263 125 263 130 261 134 253 144 252 147 250 149 240 169 240 171', '315 368 290 357 286 349 240 343 171 342 168 349 142 356 136 281 146 162 160 138 195 123 214 107 212 135 236 177 269 116 280 127 312 144 322 160 327 181 328 273 326 306']","['7', '1', '5']",700.0,467.0
8183513645269-2.jpg,"['236 499 203 498 186 493 170 492 168 490 168 456 172 405 168 364 170 350 178 352 246 352 267 351 279 348 283 350 293 406 297 486 290 490 242 488 239 497', '249 179 243 172 230 145 226 140 229 139 231 141 233 141 235 143 238 144 241 141 241 139 243 136 243 134 246 128 246 125 248 123 250 129 250 132 252 135 252 138 253 139 253 155 252 156 252 162 251 163 250 178', '246 352 180 352 168 349 171 300 112 264 107 257 107 238 114 214 146 146 207 100 214 111 219 130 247 175 250 174 253 152 247 124 252 108 272 122 269 133 284 144 290 158 289 211 293 249 317 343 296 348 285 332 282 347']","['7', '1', '5']",700.0,467.0
8183513678037-2.jpg,"['251 654 220 650 204 641 215 623 211 568 194 490 178 348 182 342 206 338 207 350 220 345 245 368 262 336 274 326 275 344 258 471 264 483 291 509 324 561 345 578 347 590 339 611 319 622 254 553 254 650', '176 350 162 348 160 337 170 308 165 232 165 176 172 144 168 125 171 117 180 123 201 85 212 82 232 105 250 114 274 141 278 170 295 219 299 246 283 299 284 310 274 317 271 330 260 338 256 348 242 343 224 329 200 339 180 342']","['7', '3']",700.0,467.0
8183513710805-0.jpg,"['257 620 237 618 225 600 230 570 230 450 225 418 215 459 215 505 208 540 212 572 205 585 191 589 174 567 163 498 161 393 176 401 186 399 179 376 191 378 193 375 182 356 185 353 272 352 290 348 293 355 284 529 268 608 260 610', '244 199 240 196 239 192 217 150 217 128 219 124 225 130 230 133 241 137 246 137 247 138 266 137 267 139 268 143 267 152 261 160 261 162 253 178 247 194', '154 361 149 361 146 345 141 281 146 198 149 175 157 152 167 142 216 120 214 138 211 131 206 137 244 200 271 145 272 137 267 129 277 127 319 157 329 180 338 258 328 307 316 335 310 344 298 325 306 253 297 226 291 258 296 289 294 314 291 322 274 329 278 336 288 339 288 348 269 352 176 351']","['7', '1', '5']",700.0,467.0
8183513710805-2.jpg,"['230 615 224 613 215 582 220 506 185 579 172 584 163 598 151 595 140 583 141 561 151 547 156 518 176 477 181 439 178 362 181 353 189 352 206 329 258 352 295 348 287 454 265 581 255 614', '277 352 260 352 237 345 217 332 223 319 193 313 214 242 227 176 247 140 239 123 254 131 274 135 284 151 296 192 289 278 297 339 289 348', '294 289 290 280 290 260 297 199 285 153 272 132 274 124 285 129 305 146 310 153 313 165 306 215 305 260 302 268 298 271', '193 313 183 307 171 275 154 277 143 285 140 283 132 271 124 237 156 157 165 142 181 129 233 103 237 125 246 141 226 178 219 203 214 240']","['7', '1', '5', '5']",700.0,467.0
8183513743573-0.jpg,['433 1162 295 1155 223 1124 216 734 194 835 181 1109 91 1115 65 922 59 681 94 376 123 291 151 265 324 190 363 135 496 133 541 190 718 267 757 318 799 582 806 845 775 1115 684 1110 673 844 651 741 641 1129 594 1152'],['1'],1300.0,867.0
8183513809109-0.jpg,"['641 799 636 744 532 768 359 776 343 799 219 799 166 764 148 700 159 651 219 624 244 616 329 627 398 660 511 684 526 677 580 717 628 731 650 720 677 679 682 661 670 628 681 612 730 620 753 647 762 691 760 799', '512 682 396 658 330 626 244 617 181 643 152 640 153 607 183 573 197 521 194 474 202 410 200 369 211 338 225 283 256 258 295 239 392 215 395 277 411 299 432 311 479 312 511 254 539 258 600 298 637 393 630 414 656 456 658 487 682 527 687 563 682 594 670 620 659 600 592 589 554 504 514 598 526 608']","['7', '1']",800.0,800.0
8183513874645-0.jpg,"['185 1459 97 1151 108 1095 99 1033 108 926 136 701 163 607 218 517 257 491 373 464 465 450 503 519 611 565 684 546 704 518 707 476 722 476 909 585 945 626 966 682 1032 1045 1025 1404 960 1377 758 1343 383 1372 327 1399 311 1335 313 1459', '317 1459 321 1413 380 1373 763 1343 960 1374 1115 1459']","['1', '7']",1460.0,1460.0
8183513907413-2.jpg,['245 799 233 651 192 686 139 721 114 718 88 688 76 653 79 607 100 571 122 496 184 370 220 340 311 303 339 268 335 336 356 389 330 388 287 409 258 459 260 480 283 508 315 522 375 474 383 453 388 496 427 527 484 461 431 397 435 357 467 329 482 297 474 253 488 256 518 294 616 334 655 367 684 431 718 554 726 656 706 710 683 737 668 740 604 706 603 799'],['1'],800.0,800.0
8183513972949-0.jpg,"['505 767 452 718 420 742 269 699 201 671 178 647 157 647 133 665 128 612 141 492 155 431 218 205 253 131 389 74 419 110 497 109 516 101 549 60 656 118 701 153 699 516 686 562 670 590 548 732', '153 799 144 712 202 672 278 703 416 743 408 758 418 775 457 795 476 797 497 789 522 758 538 749 524 799']","['1', '7']",800.0,800.0
8183513972949-1.jpg,"['290 799 276 759 260 693 255 642 262 639 313 639 354 644 406 644 432 641 423 719 417 735 403 799', '191 692 182 692 179 683 171 532 190 377 204 343 231 315 291 280 311 302 338 312 367 311 379 283 426 305 453 333 482 420 561 578 562 590 541 594 532 611 455 518 435 473 432 639 383 644 255 639 247 607 243 524 235 492 219 551 219 685']","['7', '1']",800.0,800.0
8183514038485-0.jpg,"['344 799 337 771 329 754 331 743 435 763 467 766 532 764 533 799', '605 793 557 782 548 660 541 757 533 763 461 765 382 754 337 742 323 728 324 750 260 774 254 769 243 707 224 674 207 551 205 479 214 436 270 269 306 242 387 206 406 181 480 232 494 288 523 214 530 242 606 320 628 571']","['7', '1']",800.0,800.0
8183514071253-0.jpg,"['654 1161 474 1161 456 1079 430 1161 253 1160 255 1140 236 1122 233 1108 237 1098 261 1105 266 1088 241 980 241 941 250 942 315 1008 350 1028 405 1043 462 1047 535 1029 579 1009 619 980 668 924 653 1084 666 1118 656 1139 659 1159', '467 1045 346 1025 242 931 258 666 246 552 217 744 221 926 238 987 161 1012 122 832 113 578 158 307 198 234 347 158 368 118 461 242 528 118 549 152 685 216 736 292 755 399 780 763 773 892 750 933 740 995 668 985 673 911 589 1001']","['7', '1']",1200.0,900.0
8183514136789-0.jpg,"['756 1459 725 1300 680 1459 456 1459 447 1335 464 1315 465 1287 457 1244 457 1123 444 1045 501 932 515 880 597 909 692 925 794 927 943 905 963 914 982 1005 1022 1066 1033 1108 994 1278 978 1459', '357 1144 342 1136 346 1018 332 971 341 908 340 742 385 377 411 289 453 249 601 169 634 120 668 212 723 266 819 104 858 146 1021 220 1058 249 1084 334 1097 428 1109 555 1137 644 1123 900 1074 1045 999 1021 986 1002 997 861 990 802 983 710 960 791 960 894 929 902 813 924 688 922 599 910 514 873 498 657 480 699 488 840 479 925 440 1049 445 1137']","['7', '1']",1460.0,1460.0
8183514235093-0.jpg,"['458 1459 436 1335 424 1195 497 1226 617 1238 655 1225 698 1175 751 1231 799 1242 907 1231 1007 1197 1009 1261 980 1459', '710 602 648 328 600 124 618 87 661 153 694 173 722 224 725 201 786 142 813 78 830 108 833 140 724 559 720 567 710 563 704 570 715 579', '818 1238 754 1230 699 1165 659 1220 619 1234 481 1218 419 1170 337 1180 306 1168 323 749 368 271 386 232 600 98 709 611 721 566 700 560 732 531 834 143 832 100 1053 240 1076 312 1122 769 1127 1172 1108 1189 1012 1173 977 1209']","['7', '1', '5']",1460.0,1460.0
8183514300629-0.jpg,"['714 1598 643 1391 610 1598 341 1598 337 1545 365 1544 380 1533 361 1490 383 1476 385 1457 359 1343 335 1290 326 1222 335 1201 395 1239 483 1275 565 1289 653 1290 815 1262 884 1221 927 1178 937 1196 950 1284 957 1598', '229 1297 172 1116 166 1020 183 562 229 351 279 263 474 159 509 111 622 211 697 157 716 114 748 157 950 247 1009 394 1072 885 1068 1277 973 1274 913 762 879 718 867 770 926 1156 898 1207 794 1268 650 1289 503 1279 363 1220 338 1191 323 995 338 712 307 853 319 904 302 1046 303 1158 331 1272']","['7', '1']",1599.0,1200.0
8183514398933-0.jpg,['1083 2353 531 2340 496 2339 481 2211 477 1107 369 1222 25 1039 379 328 743 134 775 169 779 99 867 9 1238 10 1301 68 1328 168 1345 141 1721 303 2067 1033 1761 1207 1643 1120 1650 2321'],['1'],2430.0,2100.0
8183514431701-0.jpg,"['974 1184 776 1177 750 1154 749 362 786 216 825 188 830 165 833 192 852 185 846 102 906 161 1053 241 1103 359 1138 544 1168 915 1155 1001 1125 1064 1125 1162 1101 1174 1020 1165 1017 1099 1005 1172', '766 1459 756 1405 722 1285 713 1308 701 1313 707 1332 695 1349 691 1363 694 1376 687 1389 682 1379 685 1318 692 1319 693 1313 692 1300 690 1311 685 1311 685 1284 693 1285 695 1281 692 1274 685 1276 692 1267 683 1263 685 1251 693 1248 694 1236 693 1208 685 1207 691 1199 685 1196 684 1187 695 1177 696 1162 703 1154 739 1156 752 1177 771 1183 825 1179 943 1187 992 1185 995 1195 986 1232 984 1279 971 1337 976 1352 988 1364 979 1389 982 1401 1008 1399 1012 1404 1009 1459', '431 1459 429 1409 441 1401 449 1382 428 1353 451 1344 455 1324 445 1218 432 1172 436 1160 489 1187 552 1194 684 1183 694 1177 697 1159 703 1154 740 1156 745 1161 745 1173 761 1183 749 1193 742 1193 740 1253 742 1272 749 1263 750 1279 749 1293 747 1281 742 1278 738 1297 747 1309 738 1309 727 1290 720 1288 686 1405 676 1459', '739 1154 697 1149 704 390 687 252 637 185 620 131 642 54 713 104 771 100 828 59 843 95 827 165 764 262 749 346 750 1119', '559 1190 489 1184 431 1141 441 945 421 1017 423 1165 319 1171 313 1068 277 953 277 872 320 520 374 294 416 222 566 152 620 96 626 168 684 249 700 365 699 1098 682 1178']","['5', '7', '7', '1', '5']",1460.0,1460.0
8183514497237-0.jpg,"['760 1459 723 1314 688 1459 460 1459 450 1254 429 1195 429 1159 487 893 595 953 733 989 853 956 959 906 1013 1136 1013 1189 999 1223 988 1336 996 1371 981 1459', '384 1210 323 1200 321 1049 311 856 309 751 352 381 380 294 429 249 584 179 629 145 704 208 726 262 828 149 1022 248 1068 287 1103 416 1139 720 1146 812 1137 959 1110 1177 1075 1188 1018 1178 1012 867 992 683 972 645 955 900 850 955 731 983 597 949 482 902 486 722 470 664 440 781 425 1199']","['7', '1']",1460.0,1460.0
8183514562773-0.jpg,"['641 1598 592 1407 550 1598 330 1598 297 1395 287 1150 303 1059 341 988 354 937 484 987 610 1004 735 975 827 925 870 1107 888 1250 888 1391 864 1598', '279 1262 277 1324 177 1313 185 819 234 353 257 300 459 183 491 128 565 204 585 260 608 206 697 116 727 169 928 280 974 360 1043 1041 1022 1296 923 1290 916 1090 874 911 841 668 824 919 733 975 637 1000 492 988 364 936 351 746 337 954 295 1073']","['7', '1']",1599.0,1200.0
8183514726613-0.jpg,"['787 660 778 657 740 551 710 435 688 182 668 158 616 138 603 123 616 51 631 31 641 35 656 77 679 102 722 128 771 139 863 136 925 103 956 72 960 78 950 129 930 155 890 173 852 217 828 274 812 364', '328 1163 128 970 41 670 178 386 281 176 515 86 608 6 621 43 608 113 615 130 628 146 691 170 705 393 768 660 785 690 815 330 841 233 901 153 941 140 965 66 1001 16 1058 66 1275 173 1338 256 1411 593 1481 903 1508 1210 1491 1666 1395 1656 1311 1660 1308 1416 1201 1023 1235 1470 1215 1506 1091 1600 998 1636 831 1643 585 1610 498 1573 418 1513 418 1530 351 1510 305 1450 311 1343 325 1276', '1017 2391 1024 2346 1006 2314 1011 2270 987 2170 885 1940 852 1773 830 1755 834 1640 879 1641 862 1661 885 1646 901 1646 930 1640 996 1634 1096 1600 1217 1509 1294 1934 1319 2288 1314 2391', '525 2391 534 2304 464 2014 422 1708 417 1512 497 1574 592 1615 831 1641 829 1753 855 1784 812 2039 804 2391']","['1', '5', '7', '7']",2392.0,1560.0
8183514792149-0.jpg,"['1493 4047 1270 3436 1176 4047 670 4047 514 2797 689 2850 1036 2894 1407 2908 1766 2868 1906 2793 1917 2840 1842 2920 1793 3020 1738 3280 1749 3346 1707 3441 1762 3466 1970 3452 1986 4047', '1386 2908 691 2848 513 2784 540 2439 274 2416 253 2190 347 911 447 597 941 287 973 226 1145 383 1179 545 1230 382 1470 197 1507 101 1583 218 2045 461 2201 657 2389 1746 2343 2124 2417 2189 2433 2272 2400 2349 2316 2389 1981 2387 1965 1904 2007 1730 1953 1580 1904 1822 1961 2299 1913 2764 1766 2866']","['7', '1']",4048.0,2640.0
8183514824917-1.jpg,"['1376 4047 1311 3453 1070 4047 593 4047 624 3581 695 3001 999 3089 1559 3129 1668 3109 1766 3063 1939 2860 1967 2902 1987 3077 1947 3483 1889 3641 1897 3666 1938 3661 1946 3685 1915 4047', '1556 3128 986 3084 667 2973 611 2006 576 1477 382 1459 305 1377 482 624 990 300 1069 167 1594 217 1655 371 2107 665 2204 1033 2251 1511 1757 1617 1808 2300 1939 2837 1770 3057']","['7', '1']",4048.0,2640.0
8183514857685-0.jpg,"['782 1980 754 1793 712 1980 436 1980 407 1590 475 1636 553 1657 885 1664 1032 1634 1049 1622 1054 1589 1078 1567 1076 1980', '878 1662 543 1653 479 1637 423 1601 379 1551 372 1401 397 1112 338 1212 321 1418 204 1421 165 1140 190 1126 174 1033 205 966 196 821 204 724 289 343 332 257 404 215 586 155 623 91 740 286 788 185 856 132 879 51 932 161 1142 249 1218 315 1257 460 1323 1023 1326 1234 1287 1285 1273 1404 1148 1396 1148 1193 1096 1142 1085 1543 1035 1629']","['7', '1']",1981.0,1500.0
8183514923221-0.jpg,['364 51 407 86 447 166 477 285 478 351 438 575 377 572 377 584 316 609 252 609 162 605 100 583 54 582 22 478 3 378 15 267 71 95 110 54 162 32 191 4 279 0 307 30'],['1'],610.0,481.0
8183514988757-0.jpg,"['221 1077 223 929 411 946 596 938 591 1077', '456 943 245 931 210 917 216 560 199 578 205 618 190 692 199 750 194 833 180 862 192 921 165 914 108 928 83 836 70 612 126 265 161 209 289 153 325 75 346 116 396 124 456 107 483 75 488 121 507 144 656 213 682 261 727 481 737 650 730 814 709 911 622 906 631 826 591 593 610 923 588 937']","['7', '5']",1078.0,822.0
8183515119829-2.jpg,['1275 4340 1238 4159 1244 3876 1058 4301 895 4289 1097 3692 1136 3408 904 3272 870 3161 987 3196 975 3037 1175 3105 1285 2569 1468 2394 1525 2415 1804 2251 2056 2396 2180 2603 2235 3276 2439 4185 2298 4226 2243 4115 2149 4132 2142 3944 2114 4248 1516 4253'],['1'],4512.0,3008.0
8183515152597-0.jpg,['3084 2783 2962 2813 1354 2804 1413 1717 1393 1535 1401 383 1611 291 1680 352 1741 322 1966 376 2606 361 2756 270 2923 370 2984 361 3014 426 3027 1539 3054 2574'],['1'],3008.0,4512.0
8183515185365-0.jpg,"['278 1466 280 1421 323 1401 312 1382 324 1358 311 1279 444 1298 587 1301 713 1296 897 1265 908 1277 904 1356 915 1421 943 1434 946 1466', '570 972 545 441 466 133 477 119 592 246 606 191 653 156 689 107 704 134 697 199 609 478', '617 1295 564 1275 553 1291 482 1295 320 1276 280 1209 167 1252 126 1120 135 725 205 316 278 233 389 187 464 117 546 454 569 1025 614 484 636 382 669 282 695 217 709 114 951 268 1017 412 1042 552 1076 872 1072 1133 1045 1259 941 1227 881 1267']","['7', '1', '5']",1467.0,1200.0
8183515185365-3.jpg,"['725 1327 693 1325 683 1315 667 1102 609 851 588 909 563 1059 556 1311 547 1321 503 1323 484 1322 472 1311 468 1088 477 1028 455 950 450 880 460 756 554 776 756 767 760 928 744 1045 762 1118 766 1315', '609 413 605 409 595 348 572 291 572 276 562 262 557 249 558 233 563 235 576 251 591 259 612 284 614 284 617 270 625 262 640 254 656 233 662 238 663 256 660 271 621 358 613 402', '703 768 621 756 496 762 465 756 456 746 468 615 419 558 410 532 408 446 420 355 428 320 442 300 476 276 527 258 553 233 596 346 609 409 616 369 661 269 665 239 741 286 782 321 791 340 803 405 806 527 791 586 763 639 765 753']","['7', '1', '5']",1467.0,1200.0
8183515218133-1.jpg,"['396 1466 396 1323 386 1246 398 1198 418 1178 445 1165 479 1120 595 1106 710 1148 763 1158 764 1172 774 1180 791 1159 842 1179 783 1306 748 1360 734 1400 741 1429 739 1466', '845 1133 634 1102 370 1133 309 1123 312 799 375 574 434 440 447 357 436 272 548 116 626 53 649 65 674 117 739 138 830 215 979 608 981 639 952 685 860 747 866 994 839 1078']","['7', '5']",1467.0,1200.0
8183515218133-3.jpg,"['298 1466 295 1435 316 1425 303 1394 320 1387 324 1375 284 1251 293 1210 636 1208 656 1224 677 1204 765 1209 861 1193 872 1201 880 1235 851 1286 847 1328 828 1380 854 1394 844 1418 869 1428 872 1466', '574 1211 452 1200 484 897 501 424 523 351 499 215 576 243 659 245 633 687 655 1064 631 1165 638 1202', '1021 1217 906 1194 919 1077 907 1048 868 1188 755 1206 663 1191 638 688 678 129 719 176 933 262 986 360 1066 797 1047 1121', '162 1237 117 1151 118 817 129 658 173 513 181 405 239 285 444 190 481 150 518 339 500 420 487 810 449 1189 432 1204 287 1206 267 1108 261 1208 204 1210']","['7', '1', '5', '5']",1467.0,1200.0
8183515283669-0.jpg,"['548 1301 517 1300 505 1286 505 1063 527 864 554 769 725 764 800 731 822 808 803 949 779 1288 726 1296 700 1279 716 1071 696 920 678 866 643 920 585 1067 589 1286', '706 403 701 403 697 399 702 380 702 367 697 342 689 325 690 313 685 294 688 266 693 265 701 277 726 291 735 290 752 281 765 270 772 268 773 270 772 279 765 288 748 307 736 325 721 348 713 367 708 391 709 400', '694 765 497 761 495 722 530 553 528 528 585 321 618 298 660 286 678 272 692 257 690 317 707 398 720 347 738 325 747 308 771 285 787 248 815 281 893 327 937 579 911 645 906 679 880 734 845 748 828 705 812 691 756 718 759 730 778 735 772 741 728 762']","['7', '1', '5']",1467.0,1200.0
8183515316437-0.jpg,"['401 879 379 831 364 879 213 879 197 808 193 718 403 744 440 736 507 734 509 755 502 786 513 799 512 813 525 823 557 823 561 879', '405 743 202 719 191 706 191 615 175 663 168 707 154 720 168 748 117 750 106 763 97 713 92 700 97 684 103 646 98 602 110 474 102 451 101 401 112 247 123 198 159 151 185 143 182 101 198 75 258 45 269 107 295 133 336 145 367 121 396 69 381 30 424 20 438 29 458 63 456 80 536 112 573 141 598 211 595 256 606 344 615 385 607 421 624 520 619 589 611 612 619 622 615 658 607 685 604 711 530 693 509 731']","['7', '1']",880.0,720.0
8183515349205-0.jpg,"['167 1099 169 1080 191 1076 179 1048 196 1032 178 997 168 959 138 913 142 860 315 869 324 855 337 805 358 869 434 857 474 842 497 823 512 831 513 849 485 886 481 904 526 933 551 938 554 946 562 980 559 1099', '371 867 352 857 340 791 329 817 310 824 305 853 320 856 312 866 37 848 19 729 19 631 11 595 22 568 26 491 15 442 36 290 70 222 212 137 233 88 257 141 326 193 377 122 382 78 412 110 573 162 594 184 631 264 659 410 677 518 678 627 650 754 583 746 560 788 508 794 477 839']","['7', '1']",1100.0,700.0
8183515381973-0.jpg,"['686 4047 595 3545 559 3110 936 3112 1081 3071 1295 3059 1861 3056 1911 3062 1828 3219 1769 3473 1827 3479 1942 3560 2013 3575 2060 4047', '1094 3068 1064 3047 1089 1222 985 626 1239 602 1177 2787 1196 3024 1300 3046', '1591 3051 1212 3025 1263 2944 1223 2925 1206 2984 1180 2797 1225 762 1273 559 1344 560 1420 457 1413 302 1604 443 1971 542 2107 626 2243 933 2458 1882 2437 2382 2317 2955 2187 2922 2239 2953 2171 2955 2159 2910 2049 2901 1993 2924 1937 3033', '204 3172 241 1936 379 924 496 726 797 569 942 417 1084 1286 1079 2319 1064 2389 1069 2449 1076 2506 1072 2575 1055 3063 947 3103 557 3099 531 2951 464 3161']","['7', '1', '5', '5']",4048.0,2640.0
8183515447509-0.jpg,"['71 879 68 868 93 865 61 862 55 826 108 810 39 818 12 648 28 444 95 216 134 187 256 138 281 106 334 234 360 404 378 403 387 215 426 120 565 192 599 238 671 526 691 792 674 806 670 852 611 845 608 803 592 788 565 693 563 735 541 750 557 808 512 817 394 818 380 791 371 818 165 832 153 822 156 767 140 754 135 725 128 800 109 810 121 840 98 847 126 851 128 865', '195 1099 187 1080 186 1021 170 990 181 972 164 935 159 832 237 833 381 816 461 821 552 812 560 816 571 869 581 1099', '370 399 363 399 360 395 337 244 326 201 320 189 309 185 297 155 322 171 343 177 382 180 402 177 391 191 385 226 374 397']","['5', '7', '1']",1100.0,700.0
8183515480277-0.jpg,"['171 879 169 832 221 822 227 816 218 752 186 695 192 671 259 660 478 660 514 654 522 671 519 710 523 741 510 770 508 800 498 834 500 852 508 864 507 879', '590 734 566 721 534 723 524 595 513 654 187 663 182 690 117 701 98 624 95 425 129 217 157 146 174 128 274 92 306 65 323 94 351 115 379 121 431 74 455 102 563 169 583 224 629 453 613 672']","['7', '5']",880.0,720.0
8183515513045-0.jpg,"['803 0 785 78 765 105 759 203 749 219 740 225 722 213 621 216 555 237 487 231 407 235 391 219 391 181 342 152 373 133 399 96 417 0', '628 1279 524 1252 534 1150 517 1112 481 876 456 837 411 609 386 545 356 355 362 311 403 236 551 239 620 218 729 217 765 322 745 550 715 714 719 785 797 929 878 1160 883 1207 857 1221 771 1210 711 1049 663 955 626 919 650 1171 649 1265']","['1', '7']",1467.0,1200.0
8183515545813-1.jpg,"['369 0 366 43 373 95 372 153 383 176 384 206 397 221 394 243 385 260 353 284 346 283 302 250 285 216 262 94 255 19 248 0', '914 0 916 49 904 79 907 165 897 324 880 381 825 363 812 270 813 214 799 165 767 158 719 170 513 176 414 166 392 136 388 0', '759 1305 721 1299 696 1272 675 960 684 879 665 829 663 778 603 459 555 697 514 848 515 950 507 1019 491 1283 423 1289 381 1279 368 1130 375 786 398 742 375 542 382 339 400 226 442 176 770 169 807 224 823 443 804 758 816 963 802 1250 786 1293']","['1', '1', '7']",1467.0,1200.0
8183515578581-0.jpg,"['688 739 672 733 651 671 650 535 656 377 671 272 696 233 801 293 820 316 856 419 878 546 869 583 837 650 786 724 781 728 752 702', '518 734 490 702 460 722 452 693 459 532 472 466 483 320 502 291 592 239 587 261 596 273 569 328 543 596', '685 1292 639 1287 629 1278 649 1068 621 878 587 922 560 1024 601 1242 570 1267 529 1267 519 1257 459 1014 461 742 482 707 494 709 517 739 535 706 652 705 681 741 735 716 740 723 756 798 727 952 729 1132 702 1256 705 1276', '622 709 557 708 529 701 571 329 592 288 625 301 668 295 655 379 649 506 648 656 656 702']","['5', '5', '7', '1']",1467.0,1200.0
8183515611349-0.jpg,"['453 1270 370 1259 352 1191 353 718 333 669 367 353 362 209 439 79 809 110 852 221 843 341 743 715 707 802 706 865 656 1106 627 1157 637 1202 634 1232 549 1260 516 1238 588 652 586 454 517 650 517 725 489 838 492 1178 478 1256', '822 0 822 35 809 107 788 110 444 79 438 75 440 0']","['7', '1']",1467.0,1200.0
8183515709653-1.jpg,['37 877 11 753 0 790 2 296 82 231 106 223 200 286 249 293 269 285 286 302 331 405 375 273 384 212 371 196 398 197 550 257 614 284 641 369 651 481 675 563 685 657 692 740 687 879'],['1'],880.0,720.0
8183515742421-0.jpg,['1317 3925 952 3889 711 3789 656 3575 671 3138 617 3589 334 3595 222 3584 234 3307 205 2813 251 2167 293 1666 399 1087 446 848 552 719 1162 474 1222 289 1334 213 1693 207 1875 248 1938 481 2581 742 2693 966 2781 1513 2874 2604 2887 3078 2852 3325 2869 3572 2681 3607 2481 3584 2426 3103 2428 3660 2316 3836 1987 3907'],['1'],4131.0,3098.0
8183515807957-0.jpg,"['490 958 377 954 362 941 367 363 378 273 424 175 425 120 484 174 563 210 617 250 652 381 671 466 687 703 679 834 677 942 658 924 593 920 554 945', '221 946 149 933 127 880 95 878 47 903 36 922 25 871 16 824 17 742 10 700 15 542 50 323 68 248 105 218 210 164 264 128 276 188 304 201 316 249 325 473 332 810 346 900 346 937 304 939', '124 1099 129 1011 144 999 141 934 190 947 364 939 368 953 486 961 561 945 567 1076 557 1099', '366 885 363 939 346 938 347 897 333 808 327 475 316 244 351 243 400 210 372 292 362 498 364 792']","['5', '5', '7', '1']",1100.0,700.0
8183515906261-1.jpg,"['852 1275 813 1250 711 1229 717 1180 585 1185 400 1158 357 1173 301 1149 374 508 364 448 408 388 449 214 472 207 470 278 412 469 421 849 440 676 505 317 543 214 716 123 879 279 902 384 921 799', '422 873 412 468 470 278 469 215 501 171 518 178 651 85 679 135 580 196 544 209 501 317 440 675', '394 1466 367 1271 366 1177 373 1163 444 1165 592 1186 713 1181 704 1221 709 1236 679 1305 677 1413 706 1430 728 1422 776 1427 776 1466']","['5', '1', '7']",1467.0,1200.0
8183516037333-1.jpg,"['624 1466 622 1459 632 1453 644 1417 653 1319 660 1315 666 1317 680 1314 696 1315 719 1309 773 1285 778 1291 778 1305 773 1329 786 1365 784 1414 787 1466', '1002 1277 797 1274 755 1208 746 1188 750 1126 738 1070 740 1023 752 593 740 464 609 213 625 131 683 190 765 168 743 256 751 322 852 579 990 840 1036 1250 1030 1274', '181 1315 137 1224 107 990 79 922 61 401 72 323 105 270 328 122 380 38 420 25 413 76 460 202 639 455 668 798 656 778 667 784 667 808 667 1022 654 1241 636 1466 454 1466 438 1439 358 1466 252 1466 220 1392 175 1376', '677 1313 653 1308 672 765 649 488 628 411 589 393 573 348 488 238 574 237 599 202 731 448 745 563 734 1045 748 1211 785 1269 753 1295']","['7', '5', '5', '1']",1467.0,1200.0
8183516070101-0.jpg,"['321 463 279 430 254 371 236 262 229 170 232 125 250 87 233 34 258 58 311 83 332 103 378 260 360 418 345 446', '94 476 74 459 68 430 54 461 48 459 38 450 28 419 31 381 20 294 21 246 50 126 64 96 152 46 144 77 147 177 128 403 118 439', '69 599 69 512 57 462 59 444 66 436 70 443 70 456 90 477 103 469 119 441 156 454 210 457 246 451 284 438 317 465 329 462 322 511 320 599', '202 457 154 453 119 438 129 401 141 294 148 179 144 78 153 60 155 84 198 126 231 79 233 50 249 86 229 135 235 260 257 386 282 437 251 449']","['5', '5', '7', '1']",600.0,400.0
8183516102869-1.jpg,"['209 1186 190 1109 171 1097 145 919 198 471 251 308 299 269 454 210 489 170 560 294 583 521 597 521 629 294 685 158 724 206 868 269 921 319 1004 608 1038 821 1040 973 1026 1018 1037 1080 1022 1171 930 1160 906 965 864 851 867 758 838 712 861 1005 847 1035 855 1116 654 1125 575 1109 563 1124 496 1133 334 1131 316 1111 324 1050 306 1033 279 1113 289 1165', '361 1466 357 1403 341 1340 351 1311 327 1258 323 1131 415 1136 572 1123 684 1127 838 1119 859 1124 869 1184 871 1466', '594 513 586 512 582 500 572 442 572 380 565 299 559 285 547 278 542 271 591 273 646 262 642 278 631 284 624 302 621 343 614 374 611 433 599 501']","['5', '7', '1']",1467.0,1200.0
8183516299477-0.jpg,"['891 2247 863 2019 855 1901 840 2016 827 2247 488 2247 487 1671 760 1668 962 1648 1230 1664 1204 2247', '848 497 837 490 791 407 721 303 676 207 675 187 698 106 737 159 837 231 863 271 881 241 916 213 955 170 978 117 986 121 1006 190 998 239 977 286 918 373', '277 1776 244 1542 227 1061 287 542 340 382 464 281 667 196 845 501 1013 198 1298 334 1380 484 1436 839 1474 1737 1324 1725 1313 1510 1232 1072 1225 1654 475 1657 475 1435 513 1246 477 845 418 1467 418 1738']","['7', '1', '3']",2248.0,1703.0
8183516430549-0.jpg,"['731 860 679 853 658 613 639 544 624 630 640 695 630 826 463 837 337 800 330 747 341 655 355 633 383 619 380 607 345 600 344 446 324 441 274 480 287 538 318 598 290 624 287 645 234 586 196 478 209 432 319 306 385 278 458 264 471 243 489 439 513 363 575 279 680 340 721 464 751 681 750 813', '505 386 502 383 502 380 501 379 500 354 499 353 499 335 498 334 498 321 500 319 505 319 506 320 521 321 522 322 536 322 536 326 528 337 528 339 521 350 520 354 511 370 511 372', '316 999 321 853 342 806 462 838 538 839 632 829 634 860 629 919 617 999']","['5', '7', '7']",1000.0,1000.0
8183516725461-0.jpg,"['320 999 313 888 325 844 384 852 480 856 564 855 605 847 608 856 608 930 603 999', '716 839 701 870 652 861 615 681 612 810 606 846 479 855 320 838 310 776 317 724 337 693 372 703 380 689 341 660 302 666 279 700 246 678 197 591 178 514 259 367 299 320 395 291 430 272 456 310 494 320 522 308 537 276 554 301 654 362 686 450 713 617 722 832']","['7', '5']",1000.0,1000.0
8183517216981-2.jpg,"['0 0 316 0 332 35 339 87 278 57 165 37 87 41 0 56', '275 699 167 551 166 699 0 699 1 68 43 49 144 39 241 50 327 81 346 143 397 186 412 227 414 399 432 455 424 480 446 501 466 583 466 699']","['1', '7']",700.0,467.0
8183520329941-0.jpg,"['318 337 315 334 314 325 313 293 320 219 327 201 335 194 341 193 350 204 364 234 368 248 369 270 380 329 378 332 373 328 342 330 326 333', '130 450 133 387 128 211 136 196 146 188 188 169 192 173 190 191 195 200 198 190 196 176 207 172 207 178 213 181 212 196 200 238 177 290 150 384', '250 516 226 389 222 265 232 212 251 184 252 173 275 144 283 166 336 193 321 214 313 292 326 402 309 503 277 505', '131 326 114 323 97 317 95 313 106 281 119 223 129 203 135 199 129 215 127 233 128 263 132 276 132 324', '99 699 100 615 105 589 114 581 113 551 119 530 212 539 253 538 297 532 298 535 285 554 279 575 276 611 284 620 307 615 310 619 308 677 303 699', '244 538 161 535 118 527 125 459 135 443 179 287 216 194 240 196 227 223 221 269 225 386 242 474 244 499 240 504 248 517 269 508 306 510 297 530']","['1', '5', '5', '1', '7', '1']",700.0,467.0
8183520985301-0.jpg,"['1309 3279 1240 3593 1190 3838 1154 4047 571 4047 569 3706 613 3686 674 3612 624 3504 678 3466 685 3422 655 2994 1225 2941 1256 2913 1265 2800 1534 2765 1561 2776 1566 2824 1540 2852 1559 2987 1595 2978 1611 2926 1684 2915 2014 2935 1993 3297 1909 4047 1386 4047 1363 3856 1322 3615 1345 3452', '1261 2795 1174 1833 1225 624 1127 321 1347 384 1584 381 1525 667 1638 1868 1568 2774']","['7', '1']",4048.0,2640.0
8183521444053-0.jpg,"['348 1199 359 1108 371 1062 369 1034 384 923 385 882 443 899 508 912 640 922 739 909 746 953 747 1037 738 1199', '861 960 795 954 794 920 777 888 786 853 776 795 757 760 756 671 741 723 763 813 741 848 736 907 651 921 507 910 388 883 386 838 372 865 380 919 305 937 298 850 284 808 302 751 318 595 369 409 424 335 481 303 546 286 566 323 662 346 698 327 701 294 711 292 840 403 863 481 874 603 865 683 877 740 868 894 856 920']","['7', '3']",1200.0,994.0
8183521607893-1.jpg,"['266 368 192 362 181 357 191 265 188 213 186 210 177 218 162 216 149 207 148 198 157 159 164 147 209 118 222 134 233 138 257 134 272 112 299 121 322 136 335 156 342 176 345 204 310 215 322 334 320 342 307 364', '255 641 244 629 229 630 221 635 212 631 202 526 194 494 184 361 236 368 306 365 307 393 315 398 329 400 329 469 325 514 310 567 308 592 298 608 273 607 261 591 272 569 275 527 282 497 267 440 257 418 246 511 255 537 257 560 254 598 260 619']","['1', '7']",700.0,467.0
8183521804501-1.jpg,"['351 0 353 12 348 16 306 26 277 28 236 28 174 19 161 15 157 0', '289 603 258 610 254 569 267 517 264 503 278 394 271 371 275 306 272 262 250 181 208 281 204 337 191 360 201 370 214 473 212 478 225 535 219 572 196 578 175 576 170 543 150 486 129 391 125 350 126 300 129 192 140 93 159 53 163 16 238 28 350 19 353 57 346 64 367 109 344 409 335 501 326 554 315 583 316 595 311 610']","['1', '7']",700.0,467.0
8183522164949-0.jpg,"['1968 4793 1884 4647 1987 1525 2044 1130 2255 660 2222 197 2597 567 3029 812 3207 1040 3407 2175 3443 3119 3369 4186 3428 4481 2823 4548 2643 4732', '1039 4777 830 4728 733 4516 129 4459 253 2220 483 1004 673 781 1145 531 1379 275 1699 1144 1700 1725 1594 1687 1559 1745 1610 1800 1694 1745 1702 1815 1784 4715', '657 5399 661 5269 849 5242 824 4766 1338 4787 1801 4738 1748 4034 1769 3999 1839 3990 1884 3996 1903 4039 1873 4784 2286 4793 2749 4708 2739 5068 2699 5154 2735 5221 2842 5272 2826 5399', '1777 3988 1712 3332 1704 1148 1616 818 1503 698 1395 242 1438 165 1537 287 1861 351 2076 240 2137 118 2274 386 2269 514 1994 1338 1899 3959']","['5', '5', '7', '1']",5400.0,3600.0
8183522459861-0.jpg,['681 941 621 939 616 926 592 748 584 540 569 483 552 526 552 585 586 865 522 878 421 890 278 881 187 869 194 725 208 620 201 506 149 932 110 931 72 930 72 824 58 764 91 351 107 262 146 203 261 137 314 76 391 73 463 81 485 125 617 207 657 251 693 446 700 511 709 631 711 808 697 938'],['5'],1024.0,768.0
8183523213525-0.jpg,['889 965 863 964 851 949 810 654 776 559 761 636 765 947 240 940 232 557 174 716 140 938 36 938 23 821 27 667 64 450 132 265 223 129 411 43 506 51 584 37 759 122 827 183 916 355 957 480 973 614 974 752 964 951 952 963'],['3'],1000.0,1000.0
8183523836117-0.jpg,['822 968 761 963 698 402 695 594 718 915 496 929 280 915 302 623 302 396 237 962 163 962 159 654 198 232 243 174 400 99 426 40 516 31 566 42 587 96 756 174 799 229 840 675 837 952'],['3'],1000.0,1000.0
8183524229333-0.jpg,['867 768 846 994 768 986 767 772 738 543 709 400 695 440 694 650 722 930 269 931 288 712 295 393 280 392 277 457 238 771 227 991 154 992 140 606 162 442 174 246 204 194 395 86 418 34 490 24 553 35 578 84 765 177 801 230 867 641'],['3'],1000.0,1000.0
8183524360405-0.jpg,['856 968 769 968 769 799 751 593 713 417 719 696 733 836 738 923 263 923 287 562 283 377 223 767 217 967 128 964 122 618 145 400 154 250 172 178 208 132 377 46 401 31 586 31 606 50 758 120 794 152 816 185 830 241 855 391 872 558 877 681 866 846'],['3'],1000.0,1000.0
8183524491477-0.jpg,['1673 1950 1526 1950 1481 1307 1448 1100 1387 803 1371 1047 1382 1283 1440 1711 1451 1914 575 1904 582 1067 584 953 571 911 546 1178 540 1342 515 1918 365 1933 319 1725 303 1206 337 491 382 392 448 325 598 272 773 170 773 103 817 66 1090 61 1115 92 1126 156 1504 327 1571 392 1609 531 1679 970 1707 1315 1709 1700 1684 1856'],['3'],2000.0,2000.0
8183525441749-0.jpg,"['279 999 274 951 287 925 306 907 385 924 488 931 603 927 674 907 700 962 689 999', '720 934 671 906 672 827 676 753 679 675 666 595 656 655 658 708 669 753 656 777 668 839 658 860 672 906 605 925 542 930 401 925 307 905 267 923 261 918 256 887 249 869 238 835 229 745 235 558 244 499 255 427 282 384 387 326 421 303 438 277 492 377 497 405 564 274 572 293 608 320 716 381 739 413 750 458 766 572 772 745 749 860']","['7', '3']",1000.0,1000.0
8183526916309-0.jpg,"['416 1279 393 1147 400 1094 389 1052 393 1030 436 1043 613 1055 631 1040 664 1045 831 1023 872 1011 880 1022 866 1125 895 1146 895 1279', '685 1038 657 1028 657 875 657 858 655 847 656 841 649 825 658 791 639 594 638 387 637 383 641 381 638 379 628 243 647 158 723 64 756 103 898 155 949 215 1027 517 1036 818 990 1028 886 998 839 1018', '366 892 368 969 384 1012 274 1025 230 856 233 523 300 252 360 174 504 114 532 83 593 241 606 314 608 386 608 398 608 415 608 505 611 565 613 642 615 898 619 978 606 1056 397 1032 375 971 377 921 379 860 375 796 361 856', '641 981 622 978 617 899 608 302 565 164 637 178 621 257 631 271 624 306 649 756']","['7', '5', '5', '1']",1280.0,1280.0
8183526916309-4.jpg,"['733 1022 709 1013 664 798 645 602 644 561 642 544 643 517 595 819 576 873 539 930 497 970 480 949 471 893 432 912 389 846 361 662 412 489 453 418 581 356 596 363 638 444 648 468 654 447 664 435 670 424 720 360 737 381 851 449 877 537 898 723 874 914 832 1001 765 979', '441 1279 449 1246 437 1175 437 1059 455 929 474 932 482 957 497 973 542 936 577 948 698 966 710 1025 733 1026 736 1032 732 1054 738 1067 736 1083 756 1091 732 1208 723 1230 732 1279', '696 962 567 945 555 937 552 918 596 818 637 559 642 572 653 733']","['5', '7', '1']",1280.0,1280.0
8183527243989-0.jpg,"['222 1079 222 1007 210 891 238 834 334 888 437 925 565 932 663 924 660 1079', '572 931 416 918 318 879 239 831 195 902 163 859 161 826 130 757 108 597 111 513 125 414 171 268 219 201 368 131 393 185 440 212 488 222 560 216 583 190 580 145 686 201 728 250 731 486 753 639 751 820 767 845 767 880 756 911 694 896 669 792 664 919']","['7', '3']",1080.0,864.0
8183528980693-0.jpg,"['568 1509 463 1426 350 1391 273 1439 285 1473 256 1470 133 1275 75 1105 96 986 161 757 210 664 247 618 409 532 467 475 514 611 549 638 558 712 618 1462 615 1492', '988 1567 930 1546 872 1551 867 1486 703 1505 667 1443 650 614 685 552 679 447 724 490 935 579 999 723 1053 961 1066 1107 1040 1354', '338 1799 298 1599 311 1523 358 1576 378 1581 491 1558 519 1539 532 1514 625 1496 617 1367 648 1359 658 1365 661 1463 651 1482 668 1565 688 1563 691 1513 862 1496 865 1565 817 1630 789 1739 819 1757 904 1764 932 1745 965 1699 982 1799', '628 1360 614 1354 591 1170 552 642 514 608 510 587 547 601 659 599 644 628 661 1006 660 1349']","['5', '5', '7', '1']",1800.0,1200.0
8183531012309-0.jpg,"['2231 3211 2136 3165 1829 3104 1754 3165 303 3141 336 2620 413 1888 568 833 640 724 904 555 1049 376 1086 481 1039 512 1069 528 1032 543 1005 806 1047 1203 1411 468 1428 515 1443 431 1492 431 1591 261 1668 251 1795 389 2022 511 2227 588 2309 774 2368 956 2403 1226 2427 1579 2383 2205', '1050 1192 1030 1086 1005 1050 1018 1012 1006 833 1032 528 1063 368 1109 505 1143 551 1168 556 1207 645 1224 646 1346 539 1568 271 1605 246 1633 248 1366 602 1208 847', '431 4047 531 3253 585 3133 1737 3171 1726 3374 1752 3614 1860 3654 1961 3579 2043 3563 2017 4047']","['5', '1', '7']",4048.0,2640.0
8183534616789-1.jpg,"['153 4047 355 3709 1376 3707 1545 3685 1807 3593 1894 4047', '1251 3710 374 3704 203 3608 131 3359 152 2856 0 2820 0 2129 54 2138 205 1590 369 1363 780 1144 927 961 1009 933 1401 908 2361 1298 2654 1588 2639 2243 2440 2211 2386 2902 2540 3095 1772 3590 1549 3683 1381 3715']","['7', '5']",4048.0,2640.0
8183534878933-0.jpg,"['1416 955 1405 721 1387 585 1355 479 1306 381 1318 374 1411 389 1475 389 1603 367 1590 418 1481 655', '1377 4047 1354 3783 1349 3679 1277 3620 1222 3811 1145 4047 404 4047 437 3802 481 3593 504 3456 523 3204 559 3029 806 3160 1184 3208 1778 3197 2084 3105 2009 3489 2107 3504 2098 3563 2038 3646 2056 3705 2107 3721 2104 4047', '2468 3202 2418 3238 2372 3170 2117 3138 2108 3071 1777 3193 1181 3206 813 3161 577 3047 491 2946 531 2541 448 2775 473 3095 141 3145 72 2498 108 1918 249 1047 372 620 490 420 1005 249 1147 115 1175 242 1366 521 1416 947 1512 578 1619 358 1699 304 1697 117 1830 308 2312 571 2482 1143 2568 2070 2568 2388 2531 2793']","['1', '7', '5']",4048.0,2640.0
8183535796437-1.jpg,"['262 699 242 624 217 699 98 699 96 567 103 534 110 527 138 557 153 565 210 576 292 573 341 566 361 556 380 532 383 575 370 699', '249 576 190 574 148 563 125 545 115 529 256 536 375 532 366 551 343 565', '308 61 265 56 202 56 201 55 205 47 210 42 219 39 228 39 299 45 305 53', '409 593 384 589 383 523 324 535 106 523 95 452 97 380 85 457 87 518 97 539 60 562 36 525 24 414 25 333 65 153 94 114 205 56 311 64 390 124 419 166 436 242 442 400 428 528']","['7', '1', '1', '3']",700.0,467.0
8183538057429-1.jpg,"['111 668 111 584 116 549 207 565 255 566 307 560 344 546 345 576 339 668', '119 296 68 282 63 280 60 275 67 250 77 192 86 166 95 154 95 201 99 217 112 241 113 261 121 284 121 295', '365 314 349 313 349 289 367 230 371 199 370 168 373 165 383 174 386 181 386 189 394 216 397 241 403 260 410 299 400 306', '260 565 153 554 123 539 106 516 122 295 112 241 96 206 96 153 109 139 171 114 194 77 224 70 279 75 301 118 370 162 369 216 349 289 355 411 351 529 326 554']","['7', '1', '1', '5']",669.0,485.0
8183538254037-1.jpg,"['810 0 815 62 809 117 801 126 582 126 452 114 442 104 439 81 442 0', '771 1001 689 995 678 963 673 873 682 768 683 629 661 529 644 375 624 248 612 248 597 316 571 414 510 618 500 767 489 817 498 916 493 965 474 995 407 994 405 967 392 952 384 878 381 643 408 484 400 406 414 141 434 82 451 114 571 126 803 126 820 83 812 443 808 491 793 516 798 608 800 791 782 954']","['1', '7']",1200.0,1200.0
8183538712789-0.jpg,"['365 0 371 58 234 58 170 52 118 56 125 0', '362 633 300 618 300 387 279 261 246 135 201 381 204 464 201 577 198 626 158 626 131 606 129 565 124 536 125 394 128 308 121 194 136 189 121 171 135 162 119 97 115 54 169 52 233 58 373 56 375 74 370 99 361 139 357 192 371 197 378 420 375 530 370 552 370 618']","['1', '7']",691.0,496.0
8183538942165-0.jpg,"['640 0 640 44 646 83 637 66 618 96 499 103 354 103 347 101 346 94 362 49 369 0', '443 858 392 848 387 686 337 305 337 147 344 103 618 96 635 74 652 109 657 164 647 268 659 421 669 461 696 481 724 538 782 742 766 760 709 768 675 659 597 534 558 495 505 300 484 387 488 447 477 479 472 539 480 553 483 636 474 845 468 856']","['1', '7']",1024.0,1024.0
8183539138773-0.jpg,"['689 0 702 61 701 123 636 109 590 85 549 75 525 51 480 33 450 0', '621 863 543 877 524 873 527 627 531 484 530 345 497 450 475 501 367 686 332 815 296 821 249 800 257 741 275 687 281 640 312 538 334 495 362 453 376 411 390 347 380 221 400 105 421 83 447 97 527 89 570 116 576 106 560 81 574 80 704 125 700 216 670 394 643 530 647 546 647 597 638 732 620 802 626 830']","['1', '7']",1024.0,1024.0
8183540908245-0.jpg,"['805 0 802 52 808 77 794 100 729 126 646 140 563 128 473 88 455 54 447 0', '697 987 620 972 657 631 650 477 622 291 604 302 565 396 536 527 537 691 564 801 559 836 539 859 505 859 451 732 409 559 401 444 429 167 473 92 565 127 647 139 728 127 793 103 827 163 813 302 792 402 783 532 747 768 721 891']","['1', '7']",1200.0,1200.0
8183541530837-0.jpg,"['283 455 273 455 267 448 265 381 274 318 271 290 247 323 235 330 224 330 211 320 206 303 206 285 225 257 234 238 241 214 250 201 249 188 259 174 260 184 249 212 265 236 287 199 298 196 292 260 315 445 309 450', '402 470 389 470 387 469 387 463 380 440 377 414 372 393 368 355 372 354 389 367 395 367 405 363 417 363 431 355 456 355 460 361 471 416 472 432 464 441 458 445 457 455 454 458 431 467', '478 356 464 352 458 330 451 321 445 319 419 327 392 320 365 331 360 226 368 191 369 172 373 165 374 150 378 147 432 166 449 176 469 198 482 222 483 230 489 239 490 251 506 290 511 308 511 322 507 330', '438 719 417 673 392 646 363 537 353 571 354 625 361 676 360 719 311 719 303 641 278 529 273 458 314 450 319 435 372 431 377 433 387 471 442 466 446 539 442 614 448 634 471 660 487 719', '338 434 318 434 314 431 294 277 295 217 303 169 308 163 311 164 313 176 327 187 347 186 365 175 368 180 359 227 363 331 357 338 359 348 367 353 377 431']","['5', '5', '5', '7', '1']",720.0,720.0
8183544021205-1.jpg,"['393 1023 393 1002 444 1017 468 1016 485 1008 522 957 561 861 606 857 661 834 666 836 703 919 733 958 750 971 750 1023', '752 966 743 964 716 936 682 878 668 836 662 804 658 743 687 746 706 732 728 774 744 831 759 937 758 954', '771 729 760 714 781 710 790 690 788 659 774 641 716 614 709 597 702 608 674 613 649 613 634 606 657 436 621 288 726 339 743 359 774 480 821 613 818 651 786 717', '461 1014 377 991 319 922 312 890 332 769 229 696 218 670 241 552 324 338 338 324 457 285 512 333 584 623 577 683 492 710 466 707 433 769 426 809 456 794 499 798 561 834 517 962 484 1006', '578 859 561 858 564 835 570 833 581 839 588 838 601 825 604 812 620 806 623 793 629 785 637 752 635 735 630 725 622 725 610 732 593 727 584 719 615 704 627 689 633 686 640 709 634 726 655 744 666 830 637 845 609 855', '588 679 582 670 586 625 577 569 509 318 583 292 610 275 649 393 656 458 632 606 617 630 623 662']","['7', '5', '5', '5', '3', '3']",1024.0,1024.0
8183544021205-2.jpg,"['572 1023 525 867 513 966 519 1023 407 1023 369 858 323 770 366 746 373 718 473 755 502 721 540 720 557 746 567 750 657 711 696 777 691 834 706 1023', '721 730 673 714 680 693 678 666 686 652 688 575 654 442 649 344 657 293 683 303 698 319 720 359 747 468 756 538 766 557 748 671', '517 464 507 450 491 407 448 269 458 259 488 281 510 283 533 273 558 251 566 261 562 291 540 390', '322 768 278 694 254 604 255 552 305 368 331 329 362 310 375 372 374 467 349 513 326 605 363 745', '470 754 361 705 376 548 367 502 375 462 376 378 364 310 448 272 514 470 573 261 653 294 648 381 664 479 652 594 660 702 624 725 564 749 520 692']","['7', '3', '3', '3', '5']",1024.0,1024.0
8183544545493-1.jpg,['628 1020 576 1023 568 1006 547 503 528 282 515 252 503 262 475 495 459 1018 398 1023 351 1012 337 381 325 156 344 56 364 0 486 2 505 15 533 2 664 3 689 102 696 241 676 513 679 751 674 997 672 1013'],['7'],1024.0,1024.0
8183544840405-1.jpg,['631 1020 569 1019 550 511 522 254 503 254 476 493 457 1017 393 1023 351 1015 342 415 329 263 326 176 330 103 364 3 487 3 506 15 528 3 657 3 684 82 692 127 696 248 675 493 680 756 676 1011'],['7'],1024.0,1024.0
8183545069781-1.jpg,['903 1021 849 1020 839 1007 790 525 757 362 737 923 645 940 456 943 282 922 265 362 232 510 179 1014 87 1013 83 732 107 416 147 206 198 110 425 3 588 2 839 128 892 284 929 583 935 1003'],['3'],1024.0,1024.0
8183545331925-0.jpg,['879 1022 835 1011 827 860 800 623 773 458 748 650 741 852 747 926 670 945 471 950 279 931 284 852 277 690 252 452 205 791 188 1002 152 1019 98 1014 94 691 110 440 151 192 172 135 202 106 412 6 509 26 619 10 810 99 852 133 882 231 911 423 922 556 932 798 928 931 924 1014'],['3'],1024.0,1024.0
8183546183893-0.jpg,['900 1023 865 1020 833 1012 810 712 773 473 748 633 741 903 745 928 702 936 600 949 429 949 275 931 281 888 275 674 255 478 245 479 231 584 186 1003 153 1019 95 1015 94 926 97 610 108 477 143 218 168 146 203 104 416 3 518 11 616 6 805 96 843 125 873 181 884 250 914 447 928 667 927 927 923 1013'],['3'],1024.0,1024.0
8183546839253-0.jpg,['622 1020 567 1019 550 507 528 289 518 254 502 264 482 454 476 502 457 1021 391 1023 350 1017 343 455 333 327 326 173 336 89 361 10 368 3 486 3 506 15 527 3 664 1 689 99 696 223 677 525 677 1011'],['7'],1024.0,1024.0
8183547199701-0.jpg,['626 1020 568 1023 550 504 530 298 521 253 504 251 480 464 473 585 459 1018 390 1023 351 1013 344 424 328 273 328 140 340 72 362 2 488 3 512 16 533 1 662 1 690 100 695 226 689 354 677 502 674 1013'],['7'],1024.0,1024.0
8183547723989-0.jpg,['937 973 927 1022 852 1014 772 414 760 448 760 892 766 956 729 967 632 976 466 978 327 972 262 960 266 463 256 404 172 1018 95 1017 81 897 80 732 99 447 116 325 147 185 160 140 186 110 371 27 405 3 452 25 537 26 617 4 653 28 835 107 872 151 884 203 916 361 933 493 946 877'],['3'],1024.0,1024.0
8183547723989-2.jpg,"['171 1023 172 530 314 456 318 471 285 694 265 1023', '405 1023 412 871 460 617 487 515 528 445 541 399 599 433 788 491 823 534 850 617 846 1023', '267 1023 290 657 318 491 319 560 343 574 392 580 473 549 408 885 402 1023']","['5', '5', '3']",1024.0,1024.0
8183548346581-1.jpg,"['772 1071 536 1065 378 1030 360 996 375 850 366 689 324 937 300 1047 235 1050 196 987 213 599 275 254 325 193 445 132 496 84 607 70 768 85 813 138 928 197 981 272 1028 563 1035 660 1050 868 1052 889 1040 927 1054 955 1044 1043 1017 1062 977 1049 944 989 945 947 926 919 906 848 885 778 888 710 873 671 862 805 877 1019 847 1055', '344 1449 350 1388 339 1168 346 1120 389 1136 488 1150 753 1154 888 1136 888 1185 853 1449', '754 1154 488 1150 391 1136 357 1125 334 1106 337 1079 363 1018 396 1041 446 1055 680 1072 815 1066 848 1056 876 1029 883 1032 893 1081 891 1134']","['5', '7', '1']",1450.0,1198.0
8183548608725-0.jpg,"['414 1175 361 1171 314 1149 216 809 204 813 169 862 113 889 75 860 62 811 121 509 167 443 249 386 293 334 288 424 300 454 291 497 207 553 169 648 225 703 319 637 329 633 434 1098 434 1157 444 1166', '719 1125 635 957 606 751 512 510 503 400 464 360 451 325 624 378 650 403 670 447 735 726 835 978 792 1002 762 1000 756 1030 768 1075 749 1106', '816 1353 355 1353 332 1274 313 1157 356 1172 413 1177 452 1170 449 1151 561 1151 703 1119 721 1131 756 1112 765 1163 780 1219 795 1306', '533 1153 450 1149 437 1134 401 921 326 623 343 587 314 506 293 494 296 387 345 408 397 411 449 394 468 366 503 405 511 509 603 748 635 957 706 1109 670 1129']","['5', '5', '7', '1']",1354.0,903.0
8183548936405-0.jpg,"['494 1382 380 1380 309 1353 285 1303 175 1312 191 812 251 301 276 280 440 190 508 124 503 176 623 696 740 134 799 190 973 280 987 310 1024 665 1045 1310 964 1308 930 1310 928 1344 901 1367 817 1380 741 1374 705 1330 661 1233 646 1144 617 1142 589 1287 536 1363', '342 1599 352 1582 337 1445 308 1359 376 1382 409 1391 439 1390 493 1384 535 1366 568 1332 589 1290 622 1141 641 1147 657 1228 707 1333 740 1372 818 1389 906 1371 872 1599']","['5', '7']",1600.0,1200.0
8183549264085-2.jpg,['255 1401 228 1412 76 1374 26 1355 12 1292 32 1059 110 728 110 667 162 490 229 347 357 294 458 199 564 178 681 193 778 278 871 308 942 339 1182 771 1169 1056 1128 1291 1060 1375 978 1406 942 1404 922 1362 826 1375 278 1361'],['5'],1600.0,1200.0
8183549558997-0.jpg,"['515 3679 510 3603 562 3608 598 3542 533 3428 592 3428 616 3403 592 3128 857 3141 999 3112 1096 3023 1198 2795 1299 3029 1374 3111 1484 3149 1759 3143 1700 3369 1743 3384 1817 3312 1829 3323 1727 3517 1759 3565 1855 3553 1841 3679', '1203 1552 1082 1022 1010 552 1087 611 1201 638 1308 625 1431 565 1241 1433', '1548 3142 1345 3077 1201 2751 1092 3019 954 3121 595 3114 489 2946 255 2960 220 2422 236 1407 298 910 409 654 864 458 985 355 998 544 1198 1598 1480 352 1643 474 2064 672 2182 961 2240 1473 2243 2054 2207 2673 2150 2989 1903 2936 1759 3124']","['7', '1', '5']",3680.0,2400.0
8183549821141-0.jpg,"['977 1678 827 1638 722 1513 645 1609 522 1671 367 1667 238 1602 105 1608 116 1313 174 460 201 291 218 254 248 234 467 102 552 15 594 286 692 732 722 784 807 480 896 54 899 7 977 83 1213 221 1248 254 1272 323 1302 493 1347 932 1361 1150 1361 1608 1200 1603 1137 1142 1187 1629', '315 1945 298 1752 277 1694 285 1648 424 1678 553 1667 646 1614 725 1513 782 1603 880 1668 1009 1680 1173 1648 1177 1687 1140 1891 1143 1922 1165 1945', '886 0 894 51 805 480 719 786 697 733 594 286 556 50 571 0']","['5', '7', '1']",1946.0,1460.0
8183550902485-1.jpg,['1073 1144 7 1143 4 430 98 374 258 321 284 285 330 262 346 210 375 189 801 186 843 274 872 284 955 349 1099 406 1096 1117 1094 1140'],['3'],1196.0,1100.0
8183551099093-1.jpg,['1099 1145 0 1146 0 393 267 289 314 234 328 184 384 149 523 139 627 138 744 162 782 190 791 238 843 278 892 310 1099 373'],['3'],1196.0,1100.0
8183551590613-1.jpg,['0 1459 1459 1459 1459 240 1368 217 1084 61 896 135 720 160 550 133 402 65 0 287'],['3'],1460.0,1460.0
8183553130709-0.jpg,['0 1459 0 501 216 376 274 190 335 115 442 68 606 49 950 52 1118 85 1205 163 1283 330 1459 424 1459 1459'],['5'],1460.0,1460.0
8183553425621-1.jpg,['8 1938 2 406 120 329 183 182 292 93 442 82 720 131 1054 75 1160 83 1252 129 1329 241 1357 336 1461 393 1461 1947'],['3'],1946.0,1460.0
8183554834645-2.jpg,['968 2183 550 2203 479 1868 466 1469 357 1552 407 2123 273 2122 126 1763 173 1494 294 1089 530 911 777 838 854 759 1093 745 1202 833 1411 912 1707 1153 1786 1349 1872 1746 1716 2130 1581 2117 1638 1550 1515 1454 1474 1823 1390 2191'],['5'],3000.0,2000.0
8183555326165-3.jpg,['1632 2625 1470 2606 1447 2537 1388 2579 1244 2591 351 2513 342 1658 347 1224 388 1014 399 886 443 817 533 748 685 624 826 467 1023 460 1154 402 1210 508 1533 662 1650 745 1681 883 1685 1021 1726 1245 1770 1671 1759 2368 1754 2594'],['5'],3000.0,2000.0
8183561650389-1.jpg,"['3701 1877 3690 1876 3672 1865 3654 1859 3624 1854 3596 1843 3568 1839 3536 1846 3525 1841 3526 1823 3538 1808 3545 1793 3571 1772 3605 1766 3641 1768 3690 1794 3721 1824 3725 1839 3716 1846 3706 1871', '2510 2355 2503 2353 2499 2348 2480 2273 2468 2250 2473 2234 2495 2211 2535 2194 2577 2189 2597 2195 2611 2207 2621 2235 2655 2279 2654 2290 2586 2315 2564 2326 2537 2334', '2998 966 2985 963 2966 941 2933 882 2885 819 2875 797 2838 764 2805 721 2797 698 2794 663 2795 646 2805 632 2814 640 2822 696 2853 727 2888 742 2925 749 2964 749 3024 737 3065 721 3077 725 3064 775 3053 793 3041 855 3009 951', '3595 2787 3295 2784 3162 2467 3134 2443 3145 2711 3134 2784 2782 2785 2732 2478 2621 2119 2624 2061 2657 1977 2838 2002 2882 2040 2939 2010 3089 2012 3317 1981 3325 1989 3295 2021 3304 2037 3331 2041 3394 2017 3432 1982 3460 1976 3488 1991 3556 2098 3600 2298 3623 2653 3621 2774', '2459 2250 2408 2216 2373 2135 2408 2045 2385 1780 2418 1117 2446 923 2497 821 2769 609 2821 765 2979 958 3007 1069 3012 938 3124 634 3116 498 3175 546 3363 605 3566 702 3656 832 3798 1181 3847 1234 3831 1289 3882 1410 3878 1595 3750 1827 3660 1774 3558 1769 3554 1428 3532 1365 3493 1343 3481 1694 3533 1793 3499 1874 3406 1908 3329 1976 3137 2006 2934 2009 2658 1971 2618 2079 2629 2200 2541 2190']","['1', '1', '1', '7', '3']",2791.0,4186.0
8183562141909-0.jpg,"['1181 0 1187 167 1156 244 747 182 593 149 565 92 559 0', '659 1564 611 1616 570 1609 559 1561 491 1559 457 1583 407 1564 456 1444 445 1110 454 1060 457 637 491 341 495 189 526 139 560 169 615 153 1155 248 1142 340 1167 364 1144 432 1182 475 1148 891 1150 1121 1139 1548 1096 1594 1067 1551 973 1547 954 1592 905 1537 930 1465 920 1250 934 1058 863 696 841 510 804 691 698 1132 674 1517']","['1', '7']",2000.0,1707.0
8183563190485-3.jpg,"['990 0 992 214 960 199 881 189 650 198 502 193 431 202 427 174 453 0', '939 1353 851 1350 818 1328 825 1269 808 1171 795 877 759 737 709 411 621 891 619 1060 600 1273 600 1324 562 1344 463 1329 440 1009 446 811 418 467 462 415 431 234 441 202 880 190 989 219 957 351 982 373 969 414 990 492 991 658 976 773 996 1056 984 1333']","['1', '7']",1687.0,1440.0
8183563813077-3.jpg,"['1286 0 1306 114 1348 237 1260 496 765 550 734 540 707 474 721 397 713 161 694 0', '476 1686 495 1460 517 1303 616 918 623 716 644 675 741 629 742 551 1216 504 1261 496 1242 607 1103 921 1005 1086 952 1272 980 1368 1053 1397 1121 1401 1162 1363 1189 1368 1221 1345 1283 1112 1281 1018 1290 944 1439 666 1434 1686']","['1', '7']",1687.0,1440.0
8183564140757-3.jpg,"['423 0 514 277 536 380 659 654 642 707 612 688 556 676 287 658 4 720 4 0', '3 1686 0 724 219 669 295 656 557 675 613 686 640 711 666 841 699 927 734 1060 778 1218 830 1358 861 1511 891 1686']","['1', '7']",1687.0,1440.0
8183564730581-3.jpg,"['907 0 897 6 822 14 742 67 723 94 699 113 701 128 724 137 776 103 793 103 793 112 780 131 741 158 689 183 635 199 499 213 483 208 475 178 488 132 505 0', '1106 0 1128 161 1128 174 1123 181 1106 176 1045 146 1005 135 1001 132 1002 123 1010 106 1024 88 1057 26 1075 0', '1229 1600 1190 1580 1139 1589 1082 1564 1054 1525 900 1159 867 1416 920 1462 907 1496 805 1573 725 1556 696 1512 644 1497 645 1424 670 1396 641 1314 634 1142 542 822 480 332 481 213 642 201 776 144 847 283 1003 141 1047 151 1124 190 1059 619 1052 691 1038 753 1077 860 1111 898 1161 1007 1216 1239 1268 1378 1268 1432 1298 1453 1277 1569']","['1', '1', '7']",2000.0,1707.0
8183568793813-0.jpg,['1281 1882 1211 1873 1139 1315 1116 1189 1096 1654 998 1673 776 1691 526 1680 366 1656 346 1206 337 1182 257 1873 179 1878 107 1869 155 667 170 463 194 367 251 320 500 190 594 69 869 70 955 189 1203 319 1263 371 1289 467 1329 1206 1350 1867'],['3'],1946.0,1460.0
8183569055957-0.jpg,['584 949 574 885 534 548 510 462 476 603 422 944 292 937 297 604 304 382 313 238 326 164 357 76 507 93 673 78 702 167 721 254 728 380 722 544 720 948'],['7'],1024.0,1024.0
8183570727125-2.jpg,"['330 878 300 776 292 705 306 460 323 394 338 370 403 338 419 312 441 302 469 404 489 451 495 513 498 575 507 675 525 804 530 833 427 858 372 859', '558 1023 538 936 540 1023 402 1023 395 989 396 930 410 925 412 920 398 883 396 865 530 834 533 830 530 810 545 807 552 810 552 827 560 832 665 845 665 902 678 912 685 939 699 941 701 1023', '731 852 696 838 628 841 556 825 562 671 549 445 567 392 556 389 555 317 546 279 594 320 673 354 696 401 728 521 746 654 743 809', '537 807 527 801 509 674 490 450 463 385 449 325 491 336 549 327 554 333 547 476 556 544 560 714 554 802']","['3', '7', '3', '1']",1024.0,1024.0
8183570890965-2.jpg,['510 1254 497 1252 486 1240 475 1199 487 1081 479 952 462 894 454 1034 475 1179 459 1243 426 1240 402 1205 374 986 317 821 344 759 368 772 420 781 508 778 561 759 582 785 563 1171 537 1243'],['7'],1350.0,900.0
8183572037845-2.jpg,"['165 949 160 949 154 939 141 882 146 838 154 807 146 762 152 720 160 715 168 719 226 717 267 722 268 725 255 742 265 762 238 823 235 883 192 927', '319 725 299 716 268 721 215 716 165 718 153 713 148 701 145 651 149 576 141 522 154 471 177 450 166 424 219 406 235 395 242 401 249 419 280 440 296 460 320 534 337 636 333 683']","['7', '3']",1350.0,900.0
8183572299989-1.jpg,['747 925 266 916 245 590 213 622 220 678 201 725 227 780 223 902 120 911 81 638 88 568 117 481 174 370 248 271 289 231 404 169 449 100 594 108 622 167 748 232 807 288 901 457 936 568 936 796 922 910 814 908 793 767 799 610 774 591 757 915'],['3'],1024.0,1024.0
8183572299989-3.jpg,"['170 899 146 787 163 745 166 715 180 699 187 719 210 738 272 755 324 762 335 768 332 777 320 787 319 801 334 845 341 854 352 856 366 834 369 835 367 870 361 899', '349 854 337 848 321 807 335 764 212 738 172 690 209 519 207 405 224 359 258 332 234 297 268 273 280 290 275 383 300 308 334 287 359 251 375 244 394 286 453 337 468 370 479 543 474 613 444 704']","['7', '3']",900.0,600.0
8183587995861-1.jpg,['291 710 249 704 248 681 247 398 235 222 234 127 249 47 262 22 471 23 490 94 496 139 486 336 480 701 438 706 388 700 386 431 372 206 360 214 346 341 342 693 333 704'],['7'],730.0,730.0
8183590617301-2.jpg,['37 1749 39 555 169 458 139 534 189 597 314 634 448 616 569 526 606 444 591 382 707 441 1043 553 1187 727 1279 1106 1279 1749 1140 1749 1132 1590 1087 1457 1030 1322 1014 1249 981 1228 1028 1749'],['3'],1750.0,1313.0
8183591239893-2.jpg,"['335 1450 260 1383 180 1269 78 1051 110 922 268 558 347 488 500 396 672 357 766 360 1036 480 1099 564 1240 913 1245 1049 1214 1239 1121 1411 1096 1441 1032 1383 1022 1289 1049 1314 1081 1198 1081 1059 1073 928 1002 796 1012 1036 1038 1147 1032 1210 1022 1287 1033 1388 929 1409 447 1430 446 1344 382 1204 351 839 240 1043 302 1240 356 1324 403 1352 382 1409', '814 1749 743 1661 718 1749 434 1749 426 1528 445 1434 563 1420 912 1412 1021 1395 1032 1402 1044 1471 1061 1492 1083 1749']","['3', '7']",1750.0,1313.0
8183591403733-0.jpg,['36 1749 36 520 140 451 461 313 515 260 549 346 599 379 817 399 965 363 1084 238 1241 281 1276 321 1275 1749'],['3'],1750.0,1313.0
8183592026325-0.jpg,['729 1367 697 1359 681 1318 676 1191 689 869 657 742 658 652 585 387 526 781 562 1226 575 1282 575 1355 463 1362 439 1334 378 1080 340 667 356 440 327 284 362 41 576 72 778 47 828 291 844 523 844 792 829 1327 810 1364'],['7'],1600.0,1200.0
8183601168597-1.jpg,"['91 699 83 574 87 527 94 514 109 526 126 532 221 544 301 540 341 529 354 519 363 549 366 626 375 699', '62 549 40 543 28 414 38 225 52 138 73 105 176 41 195 10 266 16 286 40 386 96 403 113 412 156 418 278 412 403 401 493 393 532 380 539 360 528 345 421 353 513 337 530 285 542 213 543 126 531 97 514 102 408 116 351 117 300 105 270 82 537']","['7', '3']",700.0,467.0
8183603691733-2.jpg,['879 1721 874 1588 722 1175 689 1461 699 1582 679 1721 320 1721 200 965 277 927 281 853 222 657 156 578 163 205 198 66 762 167 781 151 968 161 996 271 1131 338 1158 425 1164 789 1193 925 1222 1209 1287 1559 1291 1721'],['7'],1722.0,1292.0
8183603921109-0.jpg,['586 1579 513 1545 355 316 376 289 506 328 674 329 985 227 1034 375 1022 904 1007 950 1033 986 1024 1047 1005 1297 961 1341 911 1333 894 1305 852 1186 834 1058 790 985 719 628 660 968 670 1554'],['7'],1946.0,1460.0
8183604412629-1.jpg,"['237 360 233 357 228 339 228 324 224 306 200 264 201 251 195 240 195 230 206 216 211 221 210 239 223 266 232 305 235 306 241 289 262 260 261 249 264 242 280 232 286 210 295 226 286 245 273 259 265 272 253 298 246 332', '209 604 134 583 136 549 147 515 146 490 99 463 87 450 81 410 86 378 112 291 127 260 192 233 200 265 225 309 237 360 264 275 296 228 359 266 379 288 387 324 394 423 387 463 374 476 339 485 338 560 301 583 263 596 231 530']","['1', '3']",682.0,512.0
8183604674773-0.jpg,['533 1612 454 1599 425 1403 396 1080 391 915 362 765 391 465 632 509 774 516 790 551 841 586 885 876 940 1120 856 1585 833 1603 762 1594 738 1571 742 1308 755 1182 739 1150 695 1008 626 895 602 984 561 1308 576 1586'],['7'],1946.0,1460.0
8183605002453-1.jpg,"['558 1328 430 1316 372 1269 393 1165 450 1150 463 1129 422 1045 430 975 329 952 271 970 265 1015 192 1071 198 1117 147 1142 143 1114 170 1019 194 973 220 871 255 712 302 595 332 354 372 236 414 188 512 137 549 170 611 163 755 66 819 52 1003 208 1041 291 1090 458 1116 662 1120 877 1096 1006 1066 1037 936 1091 959 1135 958 1225 942 1247 840 1285', '232 1945 224 1875 268 1566 315 1357 350 1286 369 1279 424 1317 561 1329 840 1287 953 1245 964 1300 957 1375 876 1602 809 1945']","['3', '7']",1946.0,1460.0
8183605166293-0.jpg,['407 -1 640 15 785 9 810 109 849 196 834 323 847 429 828 690 834 768 804 813 816 856 753 1066 726 1117 689 1211 582 1164 590 1105 587 1007 604 894 591 784 561 680 529 492 495 670 474 884 510 1452 407 1487 363 1475 326 1284 265 882 257 602 206 196 215 108 269 63 298 -1'],['7'],1753.0,1315.0
8183605821653-1.jpg,"['1076 1462 969 1453 968 1332 955 1289 674 1203 681 1057 651 981 542 1231 500 1259 426 1279 457 1135 524 937 553 774 586 695 619 648 675 663 708 649 757 601 809 513 933 549 975 575 1064 715 1079 1025 1105 1083 1090 1165 1101 1195 1094 1411', '447 1945 452 1820 365 1700 231 1549 201 1485 201 1447 243 1386 374 1310 653 1209 680 1209 893 1263 955 1292 968 1360 966 1493 902 1515 864 1572 740 1675 718 1722 658 1798 638 1945']","['3', '7']",1946.0,1460.0
8183613554901-1.jpg,"['798 1945 766 1762 709 1945 468 1945 482 1684 500 1569 520 1537 574 1568 671 1587 924 1585 1067 1557 1072 1626 1062 1752 1030 1945', '787 1586 628 1581 519 1530 506 1097 458 1437 466 1479 445 1505 410 1520 372 1510 348 1382 333 1063 407 716 464 620 687 504 905 514 1127 643 1181 756 1241 1087 1218 1418 1190 1557 1146 1567 1108 1545 1096 1520 1108 1472 1088 1450 1076 1537 1053 1559 958 1581']","['7', '3']",1946.0,1460.0
8183613849813-2.jpg,"['1102 0 1166 545 1145 574 1101 1110 1122 1192 1075 1281 1048 1466 861 1434 872 1303 833 1190 861 1137 819 1031 805 649 827 574 787 555 739 821 792 1137 711 1218 685 1518 513 1584 137 1616 5 1594 4 0', '0 1945 0 1597 134 1619 515 1586 659 1542 704 1497 724 1561 725 1645 711 1704 712 1777 677 1881 676 1945']","['3', '7']",1946.0,1460.0
8183617683669-0.jpg,"['273 1517 240 1350 265 1214 354 1092 362 1058 371 1080 404 1089 471 1084 482 1090 588 1072 596 1081 604 1060 620 1076 642 1134 658 1245 675 1256 677 1272 678 1361 650 1517', '265 1209 237 1168 206 1039 209 824 220 739 252 630 301 594 382 562 413 737 397 883 346 1089 294 1180', '683 1250 662 1242 632 1009 589 815 569 577 648 625 693 747 699 936 744 1081 747 1124 708 1240', '453 1056 369 1051 358 1045 390 926 414 769 384 571 385 561 403 552 446 598 486 616 541 612 557 589 557 574 564 579 579 653 588 811 630 1006 624 1029 602 1043']","['7', '3', '3', '1']",1518.0,1012.0
8183617683669-2.jpg,['743 1234 677 1231 670 1199 595 1205 514 1189 398 1196 346 1220 267 1211 220 801 235 731 287 608 298 458 311 434 433 384 448 405 450 452 475 518 518 589 587 448 578 433 591 416 576 413 602 390 714 433 756 668 811 867 763 1220'],['3'],1518.0,1012.0
8183620174037-0.jpg,"['723 1945 688 1803 672 1945 474 1945 414 1541 434 1487 514 1507 632 1521 836 1502 867 1519 902 1491 913 1495 929 1519 936 1554 941 1809 935 1945', '643 1519 436 1482 448 1403 424 1363 420 1316 390 1506 296 1510 291 1264 316 1019 365 810 415 714 554 638 591 602 611 683 652 737 698 837 788 695 824 596 854 648 1006 730 1048 792 1134 1046 1132 1160 1087 1300 993 1457 909 1407 844 1495']","['7', '3']",1946.0,1460.0
8183627808981-0.jpg,['721 1283 616 1317 506 1334 398 1325 326 1294 304 1276 323 545 339 430 380 273 395 217 391 153 413 135 523 135 864 213 1060 220 1062 293 1100 366 1147 738 1155 966 1145 1183 1144 1220 1134 1261 1088 1268 1023 1263 798 1199 801 1119 772 1050 760 947 719 1157 734 1252'],['7'],1460.0,1460.0
8183628071125-2.jpg,['1061 1083 948 1065 881 1022 860 1006 852 966 831 942 829 857 859 727 865 883 860 970 859 1007 814 1041 807 1009 533 1047 504 1040 518 955 487 684 459 475 438 419 446 370 472 331 509 321 575 352 594 343 607 316 635 307 786 362 801 387 1036 387 977 521 993 539 1021 539 989 577 1000 596 1081 601 1170 579 1233 427 1163 892 1173 1037 1124 1068'],['7'],1460.0,1460.0
8183628857557-1.jpg,['691 1183 671 1180 653 1111 656 1044 668 1024 661 978 648 801 646 688 630 651 618 581 613 497 594 421 560 299 545 377 500 509 490 608 475 674 455 693 457 784 449 1062 432 1175 411 1178 365 1143 321 1147 289 1070 287 772 311 655 295 570 277 384 298 231 351 202 353 156 482 146 484 90 682 82 694 127 795 122 809 150 827 372 794 720 810 758 815 817 803 941 815 987 821 1054 813 1088 785 1122 790 1158'],['7'],1278.0,1278.0
8183630332117-0.jpg,['202 350 184 347 175 336 162 214 134 56 161 45 186 44 253 21 257 47 262 54 272 58 276 74 281 109 279 132 282 153 281 185 279 199 272 209 282 221 289 238 295 310 285 319 270 317 236 236 221 225 210 162 218 344'],['7'],452.0,458.0
8183640096981-0.jpg,"['802 0 791 72 781 111 773 122 680 140 584 148 545 145 425 119 410 84 404 0', '753 668 696 666 617 644 616 575 603 500 586 551 582 640 425 657 371 639 378 604 370 477 373 262 392 183 420 119 576 149 674 142 767 124 778 130 813 235 829 464 818 530 817 651 788 665']","['1', '7']",1467.0,1200.0
8183640260821-0.jpg,['345 583 235 583 226 570 220 392 224 383 270 386 277 355 273 274 240 221 232 191 235 167 260 132 267 107 287 83 324 74 464 84 618 82 676 222 687 266 670 327 654 355 663 386 637 569 626 578 537 579 465 563 445 413 423 497 416 568'],['7'],1350.0,900.0
8183640588501-2.jpg,['753 724 679 719 634 706 599 510 547 706 511 715 407 711 366 703 348 688 349 462 370 279 446 132 491 122 565 136 647 121 790 146 814 165 837 228 840 350 829 456 791 708 780 720'],['7'],1467.0,1200.0
8183645044949-2.jpg,['105 1527 86 1520 86 1452 115 1015 105 400 122 177 144 121 210 139 857 141 875 213 863 452 827 854 823 1177 830 1406 736 1418 680 1474 525 722 411 1020 272 1497 180 1495'],['7'],1580.0,970.0
8183645503701-3.jpg,['1282 3248 1063 3187 846 3198 667 3191 460 3153 418 3086 440 2743 387 2094 384 1895 410 1453 460 1125 589 902 687 922 759 999 855 1029 1067 973 1488 1002 1937 983 2069 1040 2192 997 2180 949 2352 902 2479 1127 2537 1285 2560 1966 2531 2342 2578 3012 2087 3098 1801 3215 1710 3203 1660 2939 1614 2748 1537 2594 1517 2487 1475 2516 1418 2830'],['7'],4032.0,3024.0
8183645995221-3.jpg,['500 1172 466 1278 126 1191 103 1165 123 1004 139 676 174 381 211 271 311 289 595 282 823 287 974 298 1023 298 1044 427 1052 730 1018 1259 618 1268 613 1112 574 968 589 925 569 899 560 936 555 1068'],['7'],1436.0,1146.0
8183654318293-0.jpg,"['397 1553 386 1397 543 1392 658 1369 809 1300 847 1270 865 1242 880 1260 902 1405 937 1553', '560 1388 440 1397 383 1387 372 1206 354 1223 371 1238 351 1270 358 1314 279 1325 289 1030 324 854 334 745 327 636 347 543 512 443 549 461 612 462 660 454 700 434 720 407 889 461 940 512 972 602 1075 767 1081 841 1053 998 1015 1094 977 1139 930 1153 911 1089 954 1000 977 833 888 734 852 1061 892 1085 868 1164 866 1254 799 1305 659 1368']","['7', '3']",1554.0,1282.0
8183674601685-0.jpg,['629 1003 497 995 412 942 430 791 473 794 484 756 453 710 477 691 480 669 465 514 433 446 429 404 505 88 832 131 1115 79 1192 301 1189 400 1147 502 1138 650 1178 661 1144 708 1145 748 1202 761 1214 938 1160 969 1104 977 907 965 839 707 833 576 810 570 793 596 787 734 738 975 696 996'],['7'],2400.0,1600.0
8183674831061-3.jpg,['1073 1027 915 1010 841 986 813 878 809 769 768 1007 518 1009 437 981 447 810 475 782 462 730 478 614 461 528 464 403 535 118 853 172 1138 184 1155 255 1213 322 1239 400 1149 719 1144 904 1121 1002 1109 1021'],['7'],2398.0,1600.0
8183675158741-1.jpg,['542 1080 469 1077 358 1045 343 753 319 591 327 423 373 147 434 117 559 101 879 97 1004 109 1118 502 1122 707 1154 997 1130 1017 982 1063 831 1069 735 632 723 634 718 782 670 1054 649 1070'],['7'],2398.0,1600.0
8183675420885-2.jpg,['847 938 803 932 783 859 772 907 504 917 446 901 440 582 455 311 470 208 520 88 636 121 982 69 950 311 904 434 836 554 834 743 874 773 928 759 1014 681 1035 443 1075 300 1092 268 1097 279 1095 502 1106 566 1087 611 1083 896'],['7'],2398.0,1600.0
8183675846869-2.jpg,['615 976 517 972 454 950 444 518 469 216 506 92 640 118 1025 43 1070 135 1069 198 1023 362 924 530 914 658 934 680 920 727 954 768 1014 767 1120 638 1114 930 854 971 832 886 802 844 781 962'],['7'],2400.0,1600.0
8183678075093-2.jpg,['913 1556 788 1541 747 1469 564 1496 460 1480 440 960 452 596 482 429 605 427 926 377 1120 394 1159 581 1089 744 1080 848 1083 910 1107 934 1096 984 1181 998 1172 1503'],['7'],1946.0,1460.0
8183744397525-1.jpg,"['653 1254 622 1236 609 1217 587 1208 549 1174 533 1165 477 1113 467 1090 448 1074 534 1050 605 1004 611 1006 642 1044 656 1070 690 1116 718 1144 697 1206 688 1251', '256 1499 227 1372 183 1307 168 1268 156 1218 153 1137 145 1110 152 1085 225 1088 361 1201 500 1299 551 1358 569 1393 579 1429 577 1499', '841 1499 865 1413 897 1342 918 1319 922 1300 914 1289 831 1278 820 1158 801 1068 775 1050 771 1031 1012 1101 1089 1132 1124 1158 1124 1335 1080 1415 1048 1499', '556 1358 495 1293 233 1092 139 1074 142 973 87 781 64 641 56 517 102 432 218 372 272 362 356 427 417 462 449 461 459 433 569 517 602 599 606 696 635 805 729 987 797 1069 814 1113 818 1159 776 1141 718 1142 607 1000 535 1048 447 1070 483 1122 637 1258 622 1323']","['7', '7', '7', '3']",1500.0,1125.0
8183744626901-2.jpg,"['507 1307 491 1295 490 1244 472 1194 463 1074 461 967 439 800 443 756 447 749 677 749 680 816 707 816 709 970 700 1068 675 1191 644 1247 629 1249 605 1233 598 1199 616 1046 597 957 595 890 578 841 570 920 552 988 549 1179 560 1272 552 1301', '488 750 455 750 445 744 471 565 460 483 408 735 370 742 372 596 392 508 412 362 430 340 505 304 534 321 568 323 610 313 637 290 700 314 715 328 728 355 757 489 762 603 747 734 705 720 710 679 703 576 689 506 686 642 695 708 689 740 680 748']","['7', '3']",1500.0,1125.0
8183752098005-0.jpg,"['790 3307 739 2968 636 2515 770 2565 999 2568 1393 2547 1528 2521 1585 2489 1623 2572 1638 2883 1599 3307', '616 2731 443 2763 398 2562 367 1846 366 1286 425 1068 808 829 858 899 956 922 1106 898 1241 802 1561 904 1631 980 1707 1206 1861 2062 1897 2614 1704 2605 1717 2475 1558 1799 1606 2291 1588 2484 1382 2548 769 2564 634 2507 613 2363 589 2577']","['7', '3']",3308.0,2200.0
8183757865173-0.jpg,"['911 3660 862 3470 825 3163 825 3005 969 3052 1338 3075 1627 3053 1895 3003 1866 3101 1863 3382 1895 3430 1942 3395 1977 3407 1974 3660', '1326 3075 952 3047 819 2983 792 2541 828 2204 776 2431 724 3008 571 3033 565 2868 510 2727 487 2393 529 1834 603 1361 695 1230 1081 1019 1105 1095 1228 1170 1318 1371 1403 1143 1528 1026 1955 1236 2021 1446 2092 1935 2127 2640 2072 2995 1910 2970 1928 2857 1876 2747 1876 2599 1828 2289 1786 2004 1771 2147 1781 2283 1844 2557 1871 2615 1871 2741 1913 2989 1634 3052']","['7', '3']",3661.0,2746.0
8183761764565-2.jpg,"['946 3823 959 3662 912 3460 923 3075 1139 3117 1391 3109 1786 3085 1917 3068 1994 3039 2016 3062 2052 3383 2042 3597 2059 3823', '773 3149 725 3113 648 2862 607 2506 637 2130 674 1877 674 1535 742 1334 1087 1103 1352 1016 1773 1100 2116 1299 2184 1393 2232 1543 2266 1897 2263 2479 2197 2812 2140 2860 2073 3043 2007 3026 1800 3077 1367 3108 948 3075 916 3054 930 2917 900 2784 866 3089']","['7', '3']",3824.0,2868.0
8183762747605-1.jpg,"['1012 2106 989 2104 917 2050 908 2027 912 1966 916 1964 927 1974 968 2024 982 2033 1183 2040 1189 2045 1181 2062 1157 2080', '1146 896 1106 883 1092 869 1082 869 1069 880 1053 884 1063 848 1076 830 1080 806 1100 772 1115 763 1123 834 1119 855 1122 865 1132 869 1147 862 1159 823 1215 772 1306 709 1346 689 1361 690 1389 761 1337 816 1292 875 1280 877 1249 861 1177 891 1150 889', '1229 3355 1169 3321 1178 3276 1099 2817 1045 2755 1010 2551 916 2253 912 2060 998 2107 1136 2090 1146 2166 1208 2127 1266 2192 1341 2221 1448 2055 1498 2024 1515 2082 1478 2400 1469 2706 1621 2882 1721 3043 1813 3133 1822 3201 1761 3293 1703 3318 1655 3312 1555 3188 1342 2989 1379 3311 1315 3347', '1185 2032 1091 2035 1040 2032 988 2025 959 2019 930 1970 912 1961 866 1956 857 1926 929 1360 921 1048 958 955 1064 881 1095 892 1139 904 1191 896 1252 865 1289 879 1329 825 1387 776 1546 856 1690 1026 1724 1155 1757 1618 1592 1900 1427 2075 1283 1996 1237 2025']","['1', '1', '7', '3']",3931.0,2689.0
